discovery_method,log_name,commitizen,FinGPT,FinRL,Nautilus_trader,OpenBB,Qlib,TradingAgents,Vibe-Trading
alpha_classic,random_case_control,0.2196800575835588,0.4467045196970191,0.2902333785384827,0.2737711326501823,0.2789274644969824,0.3307972926504389,0.2972331193053638,0.319265134561813
alpha_classic,vitalizing,0.334678135175082,0.4383400764546645,0.3520766557710984,0.2300882244637129,0.2773261860883315,0.3444502403395635,0.3754856967105419,0.3016085064599081
alpha_classic,whole,0.2029099510228909,0.3189980710705389,0.264356721028328,0.2085581433355932,0.305397558950217,0.3051723698675427,0.293912860178654,0.3098958226746816
heuristics_dep_0.5,random_case_control,0.5653903280643114,0.7515314132886166,0.6770355385928364,0.5680897353037061,,0.6767600774237821,,0.6759358997439551
heuristics_dep_0.5,vitalizing,0.7169874464825834,0.7445887445887447,0.747687459149521,0.5518340310823282,,0.69092066773735,,0.699443251328045
heuristics_dep_0.5,whole,0.5667099185613528,0.7434721201580503,0.5721082989117166,0.5349870683095463,,0.61484068544995,,0.6696461395143084
heuristics_dep_0.6,random_case_control,0.5660567922495795,0.7515314132886166,0.6785145415375344,0.5683765705594938,0.6411060471928145,0.6761937716724591,0.6804759930743663,0.6761388187236167
heuristics_dep_0.6,vitalizing,0.7157918968664428,0.7445887445887447,0.747687459149521,0.5515731342899013,0.6072900748688531,0.6827726284519714,0.6802624452594774,0.699443251328045
heuristics_dep_0.6,whole,0.5516231525892363,0.7487866980477276,0.571650203795866,0.5346801066692249,0.6413465718665622,0.6141161789261935,0.6817961757564646,0.669781428842338
heuristics_dep_0.7,random_case_control,0.5696635987067525,0.7515314132886166,0.678375800857874,0.5682372128510673,0.640366122558248,0.676090002323216,0.6805893814726136,0.6733474936072728
heuristics_dep_0.7,vitalizing,0.7161033526550794,0.7445887445887447,0.7364091620522154,0.551531198985388,0.6070335286543184,0.6805550824817167,0.68083945448518,0.699443251328045
heuristics_dep_0.7,whole,0.5667228499548868,0.7434721201580503,0.5716770814937523,0.5354827002900365,0.6372792461473432,0.6149394904633323,0.6817961757564646,0.6696461395143084
heuristics_dep_0.8,random_case_control,,,,,0.6403075112367682,,0.6804707614238918,
heuristics_dep_0.8,vitalizing,,,,,0.6076728349277599,,0.68083945448518,
heuristics_dep_0.8,whole,,,,,0.6372542711618433,,0.6817961757564646,
heuristics_dep_0.9,random_case_control,,,,,0.6406059530035053,,0.6805368745706353,
heuristics_dep_0.9,vitalizing,,,,,0.6072417170309071,,0.68083945448518,
heuristics_dep_0.9,whole,,,,,0.6422379529020723,,0.6821476799205376,
inductive_IM,random_case_control,0.2161787283896247,0.6091209581565104,0.3628243441916811,0.2658508630794925,0.2933770826736263,0.3580134992522327,0.3258714975418374,0.3268576610047648
inductive_IM,vitalizing,0.2347956234169658,0.6254545454545455,0.5451734040203225,0.2182816385098309,0.3480353597293603,0.3286337937450798,0.3482414242292662,0.3867758316924033
inductive_IM,whole,0.2133199122215998,0.4561403508771929,0.3314351452401495,0.2152204713863002,0.3104939204986293,0.3629445374839917,0.3099400861917942,0.3082995631808851
inductive_IMf_noise_0.2,random_case_control,0.4836341677705615,0.6268489145127146,0.6101102788498867,0.5196662885447108,,0.6114817501082627,,0.541817550663586
inductive_IMf_noise_0.2,vitalizing,0.4365952086866148,0.6449302276224332,0.6594176052200647,0.4176458892196675,,0.5848882944762833,,0.6670977332283278
inductive_IMf_noise_0.2,whole,0.5289146504639936,0.5888161614962144,0.6916592951887915,0.6632661222040245,,0.5768576047027485,,0.4102589767042019
inductive_IMf_noise_0.3,random_case_control,0.5013795063856241,0.6425795840442474,0.6091612531372878,0.5006474411160557,0.350313979151587,0.5949378557545436,0.5292254667338094,0.4235112016458728
inductive_IMf_noise_0.3,vitalizing,0.507445541158561,0.6905378954183473,0.7700497998416295,0.6630659405651168,0.3255043348753222,0.5542882594260933,0.5608862980276959,0.6789667298805313
inductive_IMf_noise_0.3,whole,0.4036538535091944,0.6238322178731556,0.593465694111014,0.3687873390412516,0.3754703586099154,0.5464527354254409,0.3748856014734075,0.3604378533881938
inductive_IMf_noise_0.4,random_case_control,0.3465223881787305,0.6447161001091761,0.5265527376939194,0.3782308567152487,0.328145630344268,0.5928872894063999,0.4750402779182868,0.4316224285261875
inductive_IMf_noise_0.4,vitalizing,0.4312054726366421,0.6905921922268714,0.7700497998416295,0.4351845895840537,0.337875798061641,0.5446344083037647,0.5507010013683582,0.563555313659736
inductive_IMf_noise_0.4,whole,0.328666192765413,0.6433168830464197,0.3553717277109374,0.2991516433799987,0.4007402592815591,0.5464527354254409,0.4066372276876447,0.3275236167386692
inductive_IMf_noise_0.5,random_case_control,,,,,0.4155953643383083,,0.4362613604854201,
inductive_IMf_noise_0.5,vitalizing,,,,,0.33865056865355,,0.4372111164853658,
inductive_IMf_noise_0.5,whole,,,,,0.3576189675274888,,0.4265559443838336,
inductive_IMf_noise_0.6,random_case_control,,,,,0.3852114872341398,,0.451927171739659,
inductive_IMf_noise_0.6,vitalizing,,,,,0.3633325873869135,,0.414976844379765,
inductive_IMf_noise_0.6,whole,,,,,0.3782585596690514,,0.4265559443838336,
split_miner_eps_0.1_eta_0.4,random_case_control,0.5239977433103108,0.7261575161254249,0.7011579739969671,0.6295061668882309,,0.679673860607182,,0.7782215005052235
split_miner_eps_0.1_eta_0.4,vitalizing,0.5829449508450802,0.7735316747884072,0.7105039070597969,0.6106977193833018,,0.7073084905967391,,0.7556140461299903
split_miner_eps_0.1_eta_0.4,whole,0.4209289861467747,0.6966359200948735,0.6546063675807401,0.5635746910928842,,0.6585182130030806,,0.7693446004408044
split_miner_eps_0.1_eta_0.5,random_case_control,0.5475889296949904,0.7323500833731081,0.7149186114237669,0.6807163725662919,,0.6824218212011497,,0.798947452726451
split_miner_eps_0.1_eta_0.5,vitalizing,0.630815442143534,0.7964794483259232,0.7379193037860095,0.6563189120004922,,0.7434432608488875,,0.7990047570550092
split_miner_eps_0.1_eta_0.5,whole,0.5406709604555533,0.7074294472902267,0.7176791219236269,0.6584114518474466,,0.6223963401035951,,0.7904363046082166
split_miner_eps_0.1_eta_0.6,random_case_control,0.5705173929741048,0.7424803071695392,0.7557069979888537,0.7073138797033356,,0.7171760236455869,,0.8151323056516977
split_miner_eps_0.1_eta_0.6,vitalizing,0.662372008608293,0.7735936773593677,0.7379193037860095,0.7574177470624385,,0.7405633698987271,,0.8006043521383586
split_miner_eps_0.1_eta_0.6,whole,0.5151380521031046,0.7049074620480257,0.6582379561764132,0.6429635365434107,,0.7601958046456287,,0.8172618783418701
split_miner_eps_0.2_eta_0.4,random_case_control,0.5069547074001545,0.7253058318856528,0.6663054884650095,0.6299999846058805,,0.6480115752211048,,0.772442190411908
split_miner_eps_0.2_eta_0.4,vitalizing,0.5730115590903851,0.7735316747884072,0.7105039070597969,0.5940793870629287,,0.683529157625983,,0.7556140461299903
split_miner_eps_0.2_eta_0.4,whole,0.4721541293119338,0.6969041690162948,0.6440724136088457,0.5657518275180081,,0.5881683486488419,,0.7693446004408044
split_miner_eps_0.2_eta_0.5,random_case_control,0.5221472339107391,0.7328877918835908,0.6822883333861502,0.6891125837631261,,0.6633787211561818,,0.7935341865154029
split_miner_eps_0.2_eta_0.5,vitalizing,0.6193258818753443,0.7964794483259232,0.7379193037860095,0.6390385430435273,,0.7356603977963925,,0.7990047570550092
split_miner_eps_0.2_eta_0.5,whole,0.45656305984222,0.7074294472902267,0.7142387257617363,0.5979916360806077,,0.5881683486488419,,0.7904363046082166
split_miner_eps_0.2_eta_0.6,random_case_control,0.5414591766982977,0.74259795104432,0.715311913362115,0.7121931227268995,,0.688575431296991,,0.8130522975651656
split_miner_eps_0.2_eta_0.6,vitalizing,0.6481605349804074,0.7735936773593677,0.7379193037860095,0.7574177470624385,,0.7319072251947165,,0.8006043521383586
split_miner_eps_0.2_eta_0.6,whole,0.5825210016535566,0.7047631975887149,0.6555158642729983,0.5948942319705642,,0.6342069550397603,,0.8172618783418701
split_miner_eps_0.3_eta_0.4,random_case_control,0.4973259435717757,0.7267328455790971,0.6733054301155241,0.6121972514096877,,0.6033115844797191,,0.7637463761631198
split_miner_eps_0.3_eta_0.4,vitalizing,0.5501097802206092,0.7735316747884072,0.758937389401594,0.5940793870629287,,0.7069747102751581,,0.7683254633002008
split_miner_eps_0.3_eta_0.4,whole,0.4444494481862435,0.6992870583942192,0.6308766722901913,0.5117820176370014,,0.5965274328939869,,0.7693446004408044
split_miner_eps_0.3_eta_0.5,random_case_control,0.5534268464350077,0.7325795308753891,0.6848608527985076,0.6582210522483558,,0.6319380333298101,,0.7851281111045447
split_miner_eps_0.3_eta_0.5,vitalizing,0.5579320825004681,0.7964794483259232,0.7612842496856932,0.6390385430435273,,0.7069747102751581,,0.7990047570550092
split_miner_eps_0.3_eta_0.5,whole,0.5281467411320555,0.711513525610718,0.6831415653300708,0.5622074155331337,,0.5964009020140157,,0.7904363046082166
split_miner_eps_0.3_eta_0.6,random_case_control,0.5700580272174494,0.7422918300295308,0.7146092440718763,0.720625826346462,,0.671950497517836,,0.803738131953431
split_miner_eps_0.3_eta_0.6,vitalizing,0.6255728352099629,0.7735936773593677,0.7612842496856932,0.7574177470624385,,0.7320011355091122,,0.8006043521383586
split_miner_eps_0.3_eta_0.6,whole,0.5128650453211291,0.7032398642352119,0.6678137400733111,0.581896918099318,,0.6564079405826803,,0.8172618783418701
