week_start,event_id
2023-04-24,98818
2020-07-20,105217
2020-04-27,107819
2020-04-27,108258
2025-06-09,23189
2025-06-09,23247
2025-06-02,27045
2025-06-02,27918
2025-05-26,30975
2025-05-26,32944
2025-05-19,33469
2025-05-19,33836
2025-06-09,34624
2025-05-19,35549
2025-05-26,36445
2023-12-18,63157
2023-06-19,72004
2023-06-19,72275
2023-06-19,74079
2023-04-17,74636
2023-02-06,77756
2023-02-06,77919
2023-04-24,78213
2022-09-12,84422
2022-09-12,84456
2022-09-12,84578
2022-09-12,84699
2022-08-15,85734
2022-09-12,88181
2019-12-30,112420
2019-11-11,115307
2023-06-19,71771
2023-06-19,71842
2023-05-01,73371
2023-04-17,75138
2023-04-17,75172
2023-04-24,76441
2023-04-24,81720
2022-08-08,89163
2023-04-24,95585
2020-07-20,104718
2020-07-20,106064
2020-04-27,107901
2020-04-27,108215
2020-04-27,108836
2019-12-23,112473
2019-11-04,115930
2019-04-22,116254
2019-04-22,116341
2019-04-22,116364
2025-06-09,23412
2025-06-02,27176
2025-06-09,27291
2025-05-26,28116
2025-05-19,33337
2025-06-09,25162
2025-06-02,29985
2025-06-09,33879
2025-06-09,34732
2025-06-02,35814
2024-05-20,50860
2024-05-20,51438
2024-05-20,68142
2023-06-19,71701
2023-04-17,74726
2023-04-24,75482
2023-04-17,75633
2023-02-06,78983
2023-02-06,82834
2022-08-15,85702
2023-04-24,86091
2025-05-26,103992
2020-07-20,105197
2020-04-27,107855
2023-04-24,109716
2019-12-23,112599
2019-12-23,112966
2025-06-09,24079
2025-06-09,24909
2025-06-02,26717
2025-06-02,27763
2025-05-26,28840
2025-05-26,28940
2025-06-02,29481
2025-06-02,29634
2025-06-02,30839
2025-05-26,32673
2025-05-19,33704
2025-05-19,35413
2025-05-19,35686
2024-05-20,51087
2025-05-26,51676
2025-05-26,51679
2025-05-26,55094
2023-05-01,73411
2025-06-02,27541
2025-05-26,28174
2025-05-26,29182
2025-05-26,31107
2025-05-26,33444
2025-05-19,33578
2025-05-19,34895
2024-05-20,50977
2024-05-20,51486
2024-05-20,51766
2023-12-18,63043
2019-11-25,113173
2019-11-18,113797
2019-11-18,114247
2019-11-04,115587
2019-05-20,116134
2019-04-15,116390
2025-05-19,34281
2025-05-19,35305
2024-05-20,51538
2023-12-18,63002
2023-12-18,63086
2023-12-18,63252
2023-12-18,69694
2024-05-20,70601
2023-04-17,75886
2023-05-01,75964
2023-04-24,83583
2022-09-12,85269
2022-08-15,86043
2022-08-15,87053
2023-02-06,100859
2020-07-20,105873
2020-07-20,106846
2019-11-25,113230
2019-11-18,113391
2020-07-20,113606
2019-12-30,114512
2019-11-18,114780
2019-05-20,116098
2019-11-04,116980
2025-06-09,22873
2025-06-02,26791
2025-06-02,26972
2025-05-26,29253
2025-06-09,31221
2025-05-26,32576
2025-06-09,34155
2025-05-26,34357
2025-05-19,34507
2025-05-19,34799
2024-05-20,51193
2024-05-20,53062
2024-05-20,62349
2023-12-18,63300
2024-05-20,70199
2023-06-19,71918
2023-06-19,72771
2023-04-24,74163
2023-04-24,75463
2023-04-24,77613
2023-02-06,77895
2024-05-20,84081
2022-09-12,84360
2022-09-12,84622
2022-08-15,85788
2022-08-15,88230
2023-04-24,92489
2022-08-08,95122
2025-06-09,23467
2025-05-26,30369
2025-06-09,32246
2025-05-26,32409
2025-06-02,32459
2023-12-18,63200
2023-12-18,63334
2024-05-20,68165
2023-05-01,73259
2023-04-24,73972
2023-04-24,74123
2023-04-17,74690
2024-05-20,77507
2025-06-09,80319
2023-05-01,83003
2023-04-24,83819
2022-09-12,84547
2023-04-24,87567
2022-08-15,88305
2023-04-24,97430
2024-05-20,52046
2024-05-20,52157
2024-05-20,52574
2023-12-18,63598
2023-12-18,64704
2024-05-20,72248
2020-07-20,104451
2020-07-20,106752
2019-11-18,113357
2019-11-18,114062
2023-06-19,72670
2023-04-24,77837
2022-09-12,84309
2022-08-15,85816
2023-04-17,89697
2023-04-24,91902
2023-04-24,101205
2020-07-20,104985
2019-12-23,112347
2019-11-18,113487
2019-11-18,113746
2019-11-18,113820
2019-12-30,114595
2019-11-04,115055
2019-04-15,116577
2020-07-20,104927
2020-07-20,105247
2020-07-20,108320
2023-04-24,109906
2019-12-30,112779
2019-11-11,114962
2019-11-11,114997
2019-11-04,115407
2019-04-15,116509
2025-06-09,24983
2025-06-09,27708
2025-05-26,31367
2024-05-20,51626
2024-05-20,53292
2023-06-19,72315
2023-06-19,72947
2023-04-24,73458
2023-04-17,74976
2023-02-06,77709
2022-08-08,86610
2022-08-08,86916
2023-04-24,87609
2022-08-08,88095
2022-08-08,89336
2020-07-20,105085
2020-07-20,105744
2020-04-27,108581
2019-11-18,113452
2019-11-18,114319
2019-11-18,114366
2019-11-18,114424
2019-11-11,115193
2019-04-15,116436
2025-06-02,29759
2025-05-19,33491
2025-05-19,33526
2023-12-18,63661
2023-12-18,63902
2024-05-20,66020
2024-05-20,67087
2023-06-19,71809
2023-05-01,72804
2023-04-17,75392
2023-04-17,76749
2022-08-08,86291
2023-04-24,89584
2023-04-24,91445
2020-07-20,104545
2019-11-18,113417
2019-11-18,114030
2020-07-20,114717
2019-11-04,115343
2019-11-04,115369
2019-11-04,115547
2019-04-22,116318
2025-06-09,27363
2025-06-02,27446
2025-05-26,31046
2025-06-09,32350
2025-06-09,51307
2024-05-20,51874
2025-06-02,26420
2025-06-02,27866
2025-06-02,28742
2025-05-26,29402
2025-05-19,33268
2025-06-09,34994
2024-05-20,50911
2024-05-20,53127
2023-12-18,63372
2024-05-20,72041
2023-04-17,74947
2023-04-17,75009
2023-05-01,76496
2023-04-17,80038
2023-04-17,83120
2023-04-24,84021
2022-08-15,85675
2025-05-19,85908
2022-08-08,86208
2023-04-24,86488
2022-08-08,89907
2022-08-15,95157
2020-07-20,104684
2020-07-20,109153
2019-11-18,113549
2019-11-18,114146
2020-07-20,115254
2019-04-22,116292
2023-02-06,79806
2023-05-01,85121
2022-08-08,89846
2025-05-26,94483
2023-04-24,103890
2020-07-20,104642
2020-07-20,104784
2020-07-20,107383
2020-04-27,108286
2019-11-18,113909
2019-11-18,114290
2019-11-18,114641
2019-11-04,115772
2019-04-15,116541
2020-07-20,104966
2020-07-20,105317
2020-04-27,109057
2023-04-24,111036
2020-07-20,112164
2019-11-04,115620
2019-11-18,117027
2024-05-20,70518
2023-06-19,72488
2023-05-01,73156
2023-04-17,76780
2023-05-01,76950
2023-04-24,93051
2019-12-30,112321
2019-12-30,112562
2019-11-18,113514
2019-11-18,113638
2019-11-18,113782
2019-11-18,114191
2019-11-18,114401
2019-11-18,114451
2019-11-18,114490
2020-04-27,114879
2025-06-09,24501
2025-06-02,28004
2025-05-26,33019
2025-05-19,33164
2025-05-26,35585
2025-05-26,36026
2025-05-26,36029
2024-05-20,52003
2023-04-24,94057
2020-07-20,104863
2020-04-27,109646
2019-11-18,114080
2019-11-18,114217
2019-11-18,114899
2025-06-09,24272
2025-06-09,24636
2025-06-09,24810
2025-06-02,27121
2025-06-02,28357
2025-06-09,23133
2025-06-09,24223
2025-06-09,25342
2025-06-02,28272
2025-06-02,29899
2025-05-26,30913
2025-05-26,31172
2025-05-26,32757
2023-12-18,63478
2023-12-18,63557
2025-05-26,71065
2023-06-19,71879
2023-04-24,73501
2023-04-17,75075
2023-04-24,75441
2023-04-24,76005
2022-09-12,84668
2022-09-12,84815
2023-04-24,85335
2022-08-08,86516
2022-08-15,87231
2023-04-24,91310
2025-06-09,24017
2025-06-02,28058
2025-06-09,22811
2025-06-09,22950
2025-06-09,23069
2025-06-09,24755
2025-06-02,25909
2025-06-09,27659
2025-05-19,33083
2025-05-19,33813
2025-05-19,34216
2025-06-09,38258
2023-12-18,63109
2023-06-19,72730
2023-04-17,75108
2023-04-17,76063
2023-04-24,76530
2023-04-24,77033
2023-05-01,77129
2023-06-19,77199
2023-04-24,93734
2023-04-24,93937
2023-04-24,98365
2025-06-02,26883
2025-06-09,28654
2025-05-26,29214
2025-06-09,29447
2025-06-02,30058
2025-06-09,31294
2025-05-19,33641
2025-05-19,34426
2024-05-20,51032
2024-05-20,53806
2023-12-18,63767
2024-05-20,64138
2023-06-19,71737
2023-06-19,72522
2023-04-17,75042
2023-04-17,77553
2023-02-06,77780
2023-04-24,78408
2022-09-12,84758
2020-07-20,104600
2020-07-20,104740
2019-12-23,112812
2019-11-25,113264
2019-11-25,113289
2019-11-18,113323
2019-11-18,116219
