week_start,value,rolling_q1,rolling_q3,iqr,lower_bound,upper_bound,is_anomaly,anomaly_direction,anomaly_score
2020-07-13,0,,,,,,False,normal,0.0
2020-07-20,5,,,,,,False,normal,0.0
2020-07-27,3,,,,,,False,normal,0.0
2020-08-03,3,,,,,,False,normal,0.0
2020-08-10,5,,,,,,False,normal,0.0
2020-08-17,4,,,,,,False,normal,0.0
2020-08-24,3,,,,,,False,normal,0.0
2020-08-31,2,,,,,,False,normal,0.0
2020-09-14,10,2.75,4.25,1.5,0.5,6.5,True,high,2.3333333333333335
2020-09-21,21,3.0,5.0,2.0,0.0,8.0,True,high,6.5
2020-09-28,5,3.0,5.0,2.0,0.0,8.0,False,normal,0.0
2020-10-05,11,3.0,5.0,2.0,0.0,8.0,True,high,1.5
2020-10-12,11,3.0,6.25,3.25,-1.875,11.125,False,normal,0.0
2020-10-19,10,3.0,10.0,7.0,-7.5,20.5,False,normal,0.0
2020-10-26,10,3.0,10.0,7.0,-7.5,20.5,False,normal,0.0
2020-11-02,14,3.0,10.0,7.0,-7.5,20.5,False,normal,0.0
2020-11-09,8,3.0,10.25,7.25,-7.875,21.125,False,normal,0.0
2020-11-16,9,3.0,10.0,7.0,-7.5,20.5,False,normal,0.0
2020-11-23,5,3.25,10.0,6.75,-6.875,20.125,False,normal,0.0
2020-11-30,4,3.5,10.0,6.5,-6.25,19.75,False,normal,0.0
2020-12-07,4,3.75,10.0,6.25,-5.625,19.375,False,normal,0.0
2020-12-14,5,4.0,10.0,6.0,-5.0,19.0,False,normal,0.0
2020-12-21,2,4.0,10.0,6.0,-5.0,19.0,False,normal,0.0
2020-12-28,4,3.5,10.0,6.5,-6.25,19.75,False,normal,0.0
2021-01-04,15,3.75,10.0,6.25,-5.625,19.375,False,normal,0.0
2021-01-11,13,4.0,10.0,6.0,-5.0,19.0,False,normal,0.0
2021-01-18,10,4.0,10.0,6.0,-5.0,19.0,False,normal,0.0
2021-01-25,10,4.0,10.0,6.0,-5.0,19.0,False,normal,0.0
2021-02-01,11,4.0,10.0,6.0,-5.0,19.0,False,normal,0.0
2021-02-08,2,4.0,10.0,6.0,-5.0,19.0,False,normal,0.0
2021-02-15,8,4.0,10.0,6.0,-5.0,19.0,False,normal,0.0
2021-02-22,1,4.0,10.0,6.0,-5.0,19.0,False,normal,0.0
2021-03-01,2,4.0,10.0,6.0,-5.0,19.0,False,normal,0.0
2021-03-08,5,4.0,10.0,6.0,-5.0,19.0,False,normal,0.0
2021-03-15,8,4.0,10.0,6.0,-5.0,19.0,False,normal,0.0
2021-03-22,1,4.0,10.0,6.0,-5.0,19.0,False,normal,0.0
2021-03-29,1,4.0,10.0,6.0,-5.0,19.0,False,normal,0.0
2021-04-05,7,4.0,10.0,6.0,-5.0,19.0,False,normal,0.0
2021-04-12,12,4.0,10.0,6.0,-5.0,19.0,False,normal,0.0
2021-04-19,4,4.0,10.75,6.75,-6.125,20.875,False,normal,0.0
2021-04-26,12,4.0,10.0,6.0,-5.0,19.0,False,normal,0.0
2021-05-03,10,4.0,10.75,6.75,-6.125,20.875,False,normal,0.0
2021-05-10,8,4.0,10.0,6.0,-5.0,19.0,False,normal,0.0
2021-05-17,6,4.0,10.0,6.0,-5.0,19.0,False,normal,0.0
2021-05-24,6,4.0,10.0,6.0,-5.0,19.0,False,normal,0.0
2021-05-31,6,4.0,10.0,6.0,-5.0,19.0,False,normal,0.0
2021-06-07,3,4.0,9.75,5.75,-4.625,18.375,False,normal,0.0
2021-06-14,8,4.0,9.75,5.75,-4.625,18.375,False,normal,0.0
2021-06-21,6,4.0,9.5,5.5,-4.25,17.75,False,normal,0.0
2021-06-28,5,4.0,9.5,5.5,-4.25,17.75,False,normal,0.0
2021-07-05,21,4.0,9.5,5.5,-4.25,17.75,True,high,0.5909090909090909
2021-07-12,8,4.0,10.0,6.0,-5.0,19.0,False,normal,0.0
2021-07-19,5,4.0,10.0,6.0,-5.0,19.0,False,normal,0.0
2021-07-26,5,4.25,10.0,5.75,-4.375,18.625,False,normal,0.0
2021-08-02,7,5.0,10.0,5.0,-2.5,17.5,False,normal,0.0
2021-08-09,2,5.0,9.5,4.5,-1.75,16.25,False,normal,0.0
2021-08-16,6,4.25,8.0,3.75,-1.375,13.625,False,normal,0.0
2021-08-23,2,4.25,8.0,3.75,-1.375,13.625,False,normal,0.0
2021-08-30,8,3.25,8.0,4.75,-3.875,15.125,False,normal,0.0
2021-09-06,11,3.25,8.0,4.75,-3.875,15.125,False,normal,0.0
2021-09-13,2,4.25,8.0,3.75,-1.375,13.625,False,normal,0.0
2021-09-20,7,3.25,8.0,4.75,-3.875,15.125,False,normal,0.0
2021-09-27,4,4.25,8.0,3.75,-1.375,13.625,False,normal,0.0
2021-10-04,8,4.25,8.0,3.75,-1.375,13.625,False,normal,0.0
2021-10-11,11,4.25,8.0,3.75,-1.375,13.625,False,normal,0.0
2021-10-18,4,4.25,8.0,3.75,-1.375,13.625,False,normal,0.0
2021-10-25,6,4.25,8.0,3.75,-1.375,13.625,False,normal,0.0
2021-11-01,11,5.0,8.0,3.0,0.5,12.5,False,normal,0.0
2021-11-08,3,5.0,8.0,3.0,0.5,12.5,False,normal,0.0
2021-11-15,5,4.25,8.0,3.75,-1.375,13.625,False,normal,0.0
2021-11-22,0,5.0,8.0,3.0,0.5,12.5,True,low,0.16666666666666666
2021-11-29,2,4.25,8.0,3.75,-1.375,13.625,False,normal,0.0
2021-12-06,6,4.0,8.0,4.0,-2.0,14.0,False,normal,0.0
2021-12-13,3,4.0,7.75,3.75,-1.625,13.375,False,normal,0.0
2021-12-20,4,3.25,7.75,4.5,-3.5,14.5,False,normal,0.0
2021-12-27,6,3.25,7.75,4.5,-3.5,14.5,False,normal,0.0
2022-01-03,10,3.25,7.75,4.5,-3.5,14.5,False,normal,0.0
2022-01-10,5,4.0,8.0,4.0,-2.0,14.0,False,normal,0.0
2022-01-17,2,4.0,7.75,3.75,-1.625,13.375,False,normal,0.0
2022-01-24,4,3.25,7.75,4.5,-3.5,14.5,False,normal,0.0
2022-01-31,2,3.25,7.75,4.5,-3.5,14.5,False,normal,0.0
2022-02-07,6,3.0,7.0,4.0,-3.0,13.0,False,normal,0.0
2022-02-14,0,3.0,6.75,3.75,-2.625,12.375,False,normal,0.0
2022-02-21,3,2.25,6.75,4.5,-4.5,13.5,False,normal,0.0
2022-02-28,2,2.25,6.75,4.5,-4.5,13.5,False,normal,0.0
2022-03-07,9,2.0,6.0,4.0,-4.0,12.0,False,normal,0.0
2022-03-21,8,2.25,6.75,4.5,-4.5,13.5,False,normal,0.0
2022-03-28,7,2.25,7.75,5.5,-6.0,16.0,False,normal,0.0
2022-04-04,8,3.0,7.75,4.75,-4.125,14.875,False,normal,0.0
2022-04-11,12,3.0,7.75,4.75,-4.125,14.875,False,normal,0.0
2022-04-18,9,3.0,7.75,4.75,-4.125,14.875,False,normal,0.0
2022-04-25,7,3.0,8.0,5.0,-4.5,15.5,False,normal,0.0
2022-05-02,12,3.0,8.0,5.0,-4.5,15.5,False,normal,0.0
2022-05-09,7,3.0,8.0,5.0,-4.5,15.5,False,normal,0.0
2022-05-16,8,3.0,8.0,5.0,-4.5,15.5,False,normal,0.0
2022-05-23,3,3.0,8.0,5.0,-4.5,15.5,False,normal,0.0
2022-05-30,6,3.0,8.0,5.0,-4.5,15.5,False,normal,0.0
2022-06-06,6,3.0,8.0,5.0,-4.5,15.5,False,normal,0.0
2022-06-13,9,3.0,7.75,4.75,-4.125,14.875,False,normal,0.0
2022-06-20,1,3.0,8.0,5.0,-4.5,15.5,False,normal,0.0
2022-06-27,4,3.0,8.0,5.0,-4.5,15.5,False,normal,0.0
2022-07-04,2,3.0,8.0,5.0,-4.5,15.5,False,normal,0.0
2022-07-11,2,3.0,8.0,5.0,-4.5,15.5,False,normal,0.0
2022-07-18,9,3.0,8.0,5.0,-4.5,15.5,False,normal,0.0
2022-07-25,11,3.0,8.0,5.0,-4.5,15.5,False,normal,0.0
2022-08-01,2,3.0,8.75,5.75,-5.625,17.375,False,normal,0.0
2022-08-08,3,2.25,8.75,6.5,-7.5,18.5,False,normal,0.0
2022-08-15,6,2.25,8.0,5.75,-6.375,16.625,False,normal,0.0
2022-08-22,14,2.25,8.0,5.75,-6.375,16.625,False,normal,0.0
2022-08-29,3,3.0,8.75,5.75,-5.625,17.375,False,normal,0.0
2022-09-05,15,3.0,8.75,5.75,-5.625,17.375,False,normal,0.0
2022-09-12,7,3.0,9.0,6.0,-6.0,18.0,False,normal,0.0
2022-09-19,6,3.0,9.0,6.0,-6.0,18.0,False,normal,0.0
2022-09-26,3,3.0,9.0,6.0,-6.0,18.0,False,normal,0.0
2022-10-03,6,3.0,9.0,6.0,-6.0,18.0,False,normal,0.0
2022-10-10,6,3.25,9.0,5.75,-5.375,17.625,False,normal,0.0
2022-10-17,6,3.25,8.75,5.5,-5.0,17.0,False,normal,0.0
2022-10-24,5,3.25,8.75,5.5,-5.0,17.0,False,normal,0.0
2022-10-31,10,3.25,8.75,5.5,-5.0,17.0,False,normal,0.0
2022-11-07,5,3.25,9.0,5.75,-5.375,17.625,False,normal,0.0
2022-11-14,20,3.25,8.75,5.5,-5.0,17.0,True,high,0.5454545454545454
2022-11-21,4,3.25,8.75,5.5,-5.0,17.0,False,normal,0.0
2022-11-28,8,3.25,8.75,5.5,-5.0,17.0,False,normal,0.0
2022-12-05,18,3.25,8.0,4.75,-3.875,15.125,True,high,0.6052631578947368
2022-12-12,7,3.25,8.75,5.5,-5.0,17.0,False,normal,0.0
2022-12-19,7,3.25,8.75,5.5,-5.0,17.0,False,normal,0.0
2022-12-26,11,4.0,8.75,4.75,-3.125,15.875,False,normal,0.0
2023-01-02,11,4.0,9.0,5.0,-3.5,16.5,False,normal,0.0
2023-01-09,13,4.0,9.75,5.75,-4.625,18.375,False,normal,0.0
2023-01-16,17,4.0,10.75,6.75,-6.125,20.875,False,normal,0.0
2023-01-23,9,4.25,11.0,6.75,-5.875,21.125,False,normal,0.0
2023-01-30,9,5.0,11.0,6.0,-4.0,20.0,False,normal,0.0
2023-02-06,8,5.25,11.0,5.75,-3.375,19.625,False,normal,0.0
2023-02-13,16,6.0,11.0,5.0,-1.5,18.5,False,normal,0.0
2023-02-20,7,6.0,11.0,5.0,-1.5,18.5,False,normal,0.0
2023-02-27,13,6.0,11.0,5.0,-1.5,18.5,False,normal,0.0
2023-03-06,8,6.0,12.5,6.5,-3.75,22.25,False,normal,0.0
2023-03-13,4,6.0,12.5,6.5,-3.75,22.25,False,normal,0.0
2023-03-20,7,6.0,12.5,6.5,-3.75,22.25,False,normal,0.0
2023-03-27,4,6.0,11.0,5.0,-1.5,18.5,False,normal,0.0
2023-04-03,2,6.0,11.0,5.0,-1.5,18.5,False,normal,0.0
2023-04-10,5,6.0,10.75,4.75,-1.125,17.875,False,normal,0.0
2023-04-17,0,5.25,10.75,5.5,-3.0,19.0,False,normal,0.0
2023-04-24,7,5.0,10.75,5.75,-3.625,19.375,False,normal,0.0
2023-05-01,4,5.25,10.75,5.5,-3.0,19.0,False,normal,0.0
2023-05-08,6,5.0,10.75,5.75,-3.625,19.375,False,normal,0.0
2023-05-15,6,5.0,10.75,5.75,-3.625,19.375,False,normal,0.0
2023-05-22,2,5.0,10.75,5.75,-3.625,19.375,False,normal,0.0
2023-05-29,12,5.0,10.75,5.75,-3.625,19.375,False,normal,0.0
2023-06-05,6,5.0,11.0,6.0,-4.0,20.0,False,normal,0.0
2023-06-12,8,5.25,11.0,5.75,-3.375,19.625,False,normal,0.0
2023-06-19,7,5.25,10.5,5.25,-2.625,18.375,False,normal,0.0
2023-06-26,8,6.0,10.5,4.5,-0.75,17.25,False,normal,0.0
2023-07-03,3,6.0,10.5,4.5,-0.75,17.25,False,normal,0.0
2023-07-10,3,5.25,9.0,3.75,-0.375,14.625,False,normal,0.0
2023-07-17,5,4.25,9.0,4.75,-2.875,16.125,False,normal,0.0
2023-07-31,3,4.25,9.0,4.75,-2.875,16.125,False,normal,0.0
2023-08-07,4,4.0,8.75,4.75,-3.125,15.875,False,normal,0.0
2023-08-14,1,4.0,8.0,4.0,-2.0,14.0,False,normal,0.0
2023-08-21,8,4.0,8.0,4.0,-2.0,14.0,False,normal,0.0
2023-08-28,11,4.0,8.0,4.0,-2.0,14.0,False,normal,0.0
2023-09-04,9,4.0,8.0,4.0,-2.0,14.0,False,normal,0.0
2023-09-11,11,4.0,8.0,4.0,-2.0,14.0,False,normal,0.0
2023-09-18,9,4.0,8.0,4.0,-2.0,14.0,False,normal,0.0
2023-09-25,10,4.0,8.0,4.0,-2.0,14.0,False,normal,0.0
2023-10-02,9,4.0,8.0,4.0,-2.0,14.0,False,normal,0.0
2023-10-09,1,4.0,8.0,4.0,-2.0,14.0,False,normal,0.0
2023-10-16,19,3.25,8.0,4.75,-3.875,15.125,True,high,0.8157894736842105
2023-10-23,19,3.25,8.75,5.5,-5.0,17.0,True,high,0.36363636363636365
2023-10-30,10,3.25,9.0,5.75,-5.375,17.625,False,normal,0.0
2023-11-06,14,3.25,9.0,5.75,-5.375,17.625,False,normal,0.0
2023-11-13,16,4.0,9.75,5.75,-4.625,18.375,False,normal,0.0
2023-11-20,10,4.0,10.0,6.0,-5.0,19.0,False,normal,0.0
2023-11-27,18,4.25,10.0,5.75,-4.375,18.625,False,normal,0.0
2023-12-04,15,4.25,10.75,6.5,-5.5,20.5,False,normal,0.0
2023-12-11,12,5.25,11.0,5.75,-3.375,19.625,False,normal,0.0
2023-12-18,7,5.25,11.75,6.5,-4.5,21.5,False,normal,0.0
2023-12-25,4,5.25,11.75,6.5,-4.5,21.5,False,normal,0.0
2024-01-01,7,5.25,11.75,6.5,-4.5,21.5,False,normal,0.0
2024-01-08,10,5.25,11.0,5.75,-3.375,19.625,False,normal,0.0
2024-01-15,11,5.5,11.0,5.5,-2.75,19.25,False,normal,0.0
2024-01-22,13,5.5,11.0,5.5,-2.75,19.25,False,normal,0.0
2024-01-29,12,5.5,11.75,6.25,-3.875,21.125,False,normal,0.0
2024-02-05,10,5.5,12.0,6.5,-4.25,21.75,False,normal,0.0
2024-02-12,3,7.0,12.0,5.0,-0.5,19.5,False,normal,0.0
2024-02-19,10,7.0,12.0,5.0,-0.5,19.5,False,normal,0.0
2024-02-26,11,7.25,12.0,4.75,0.125,19.125,False,normal,0.0
2024-03-04,7,8.25,12.0,3.75,2.625,17.625,False,normal,0.0
2024-03-11,16,8.25,12.0,3.75,2.625,17.625,False,normal,0.0
2024-03-18,11,9.0,12.75,3.75,3.375,18.375,False,normal,0.0
2024-03-25,10,9.0,12.75,3.75,3.375,18.375,False,normal,0.0
2024-04-01,4,9.0,12.75,3.75,3.375,18.375,False,normal,0.0
2024-04-08,12,9.0,12.75,3.75,3.375,18.375,False,normal,0.0
2024-04-15,10,9.0,12.75,3.75,3.375,18.375,False,normal,0.0
2024-04-22,13,9.25,12.75,3.5,4.0,18.0,False,normal,0.0
2024-04-29,9,9.25,13.0,3.75,3.625,18.625,False,normal,0.0
2024-05-06,11,9.25,13.0,3.75,3.625,18.625,False,normal,0.0
2024-05-13,12,10.0,13.0,3.0,5.5,17.5,False,normal,0.0
2024-05-20,23,10.0,12.75,2.75,5.875,16.875,True,high,2.227272727272727
2024-05-27,6,10.0,12.75,2.75,5.875,16.875,False,normal,0.0
2024-06-03,15,9.25,12.75,3.5,4.0,18.0,False,normal,0.0
2024-06-10,4,9.25,12.75,3.5,4.0,18.0,False,normal,0.0
2024-06-17,12,7.5,12.0,4.5,0.75,18.75,False,normal,0.0
2024-06-24,28,7.5,12.0,4.5,0.75,18.75,True,high,2.0555555555555554
2024-07-01,19,7.5,12.0,4.5,0.75,18.75,True,high,0.05555555555555555
2024-07-08,7,7.5,12.0,4.5,0.75,18.75,False,normal,0.0
2024-07-15,7,7.0,12.0,5.0,-0.5,19.5,False,normal,0.0
2024-07-22,14,7.0,12.0,5.0,-0.5,19.5,False,normal,0.0
2024-07-29,14,7.5,12.75,5.25,-0.375,20.625,False,normal,0.0
2024-08-05,18,9.25,13.0,3.75,3.625,18.625,False,normal,0.0
2024-08-12,19,9.25,13.75,4.5,2.5,20.5,False,normal,0.0
2024-08-19,18,9.25,14.0,4.75,2.125,21.125,False,normal,0.0
2024-08-26,22,9.25,14.75,5.5,1.0,23.0,False,normal,0.0
2024-09-02,15,9.25,15.75,6.5,-0.5,25.5,False,normal,0.0
2024-09-09,15,9.25,15.75,6.5,-0.5,25.5,False,normal,0.0
2024-09-16,11,10.0,15.75,5.75,1.375,24.375,False,normal,0.0
2024-09-23,22,10.0,15.75,5.75,1.375,24.375,False,normal,0.0
2024-09-30,15,10.0,17.5,7.5,-1.25,28.75,False,normal,0.0
2024-10-07,18,10.25,17.5,7.25,-0.625,28.375,False,normal,0.0
2024-10-14,14,10.25,18.0,7.75,-1.375,29.625,False,normal,0.0
2024-10-21,12,10.25,18.0,7.75,-1.375,29.625,False,normal,0.0
2024-10-28,12,11.0,18.0,7.0,0.5,28.5,False,normal,0.0
2024-11-04,15,11.25,18.0,6.75,1.125,28.125,False,normal,0.0
2024-11-11,6,11.25,18.0,6.75,1.125,28.125,False,normal,0.0
2024-11-18,4,11.25,18.0,6.75,1.125,28.125,False,normal,0.0
2024-11-25,13,11.0,18.0,7.0,0.5,28.5,False,normal,0.0
2024-12-02,9,11.25,18.0,6.75,1.125,28.125,False,normal,0.0
2024-12-09,25,11.25,18.0,6.75,1.125,28.125,False,normal,0.0
2024-12-16,15,11.25,18.0,6.75,1.125,28.125,False,normal,0.0
2024-12-23,12,11.25,18.0,6.75,1.125,28.125,False,normal,0.0
2024-12-30,26,12.0,18.0,6.0,3.0,27.0,False,normal,0.0
2025-01-06,28,12.0,18.0,6.0,3.0,27.0,True,high,0.16666666666666666
2025-01-13,17,12.0,18.75,6.75,1.875,28.875,False,normal,0.0
2025-01-20,30,12.0,18.75,6.75,1.875,28.875,True,high,0.16666666666666666
2025-01-27,23,12.0,18.75,6.75,1.875,28.875,False,normal,0.0
2025-02-03,18,12.0,18.75,6.75,1.875,28.875,False,normal,0.0
2025-02-10,23,12.25,18.75,6.5,2.5,28.5,False,normal,0.0
2025-02-17,30,13.25,21.25,8.0,1.25,33.25,False,normal,0.0
2025-02-24,45,13.25,22.0,8.75,0.125,35.125,True,high,1.1285714285714286
2025-03-03,31,13.25,22.75,9.5,-1.0,37.0,False,normal,0.0
2025-03-10,26,13.25,23.0,9.75,-1.375,37.625,False,normal,0.0
2025-03-17,10,13.25,24.5,11.25,-3.625,41.375,False,normal,0.0
2025-03-24,14,12.25,24.5,12.25,-6.125,42.875,False,normal,0.0
2025-03-31,16,12.25,24.5,12.25,-6.125,42.875,False,normal,0.0
2025-04-07,16,12.25,24.5,12.25,-6.125,42.875,False,normal,0.0
2025-04-14,20,12.25,24.5,12.25,-6.125,42.875,False,normal,0.0
2025-04-21,15,13.25,24.5,11.25,-3.625,41.375,False,normal,0.0
2025-04-28,27,13.25,24.5,11.25,-3.625,41.375,False,normal,0.0
2025-05-05,22,13.25,25.75,12.5,-5.5,44.5,False,normal,0.0
2025-05-12,20,13.25,25.75,12.5,-5.5,44.5,False,normal,0.0
2025-05-19,16,13.25,25.75,12.5,-5.5,44.5,False,normal,0.0
2025-05-26,11,14.25,25.75,11.5,-3.0,43.0,False,normal,0.0
2025-06-02,14,14.25,25.75,11.5,-3.0,43.0,False,normal,0.0
2025-06-09,24,14.0,25.75,11.75,-3.625,43.375,False,normal,0.0
2025-06-16,18,14.25,25.75,11.5,-3.0,43.0,False,normal,0.0
2025-06-23,8,15.0,25.75,10.75,-1.125,41.875,False,normal,0.0
2025-06-30,10,15.0,25.75,10.75,-1.125,41.875,False,normal,0.0
2025-07-07,33,15.0,25.75,10.75,-1.125,41.875,False,normal,0.0
2025-07-14,19,15.0,26.0,11.0,-1.5,42.5,False,normal,0.0
2025-07-21,11,15.25,26.0,10.75,-0.875,42.125,False,normal,0.0
2025-07-28,8,15.25,26.0,10.75,-0.875,42.125,False,normal,0.0
2025-08-04,21,14.25,25.5,11.25,-2.625,42.375,False,normal,0.0
2025-08-11,14,14.25,23.75,9.5,0.0,38.0,False,normal,0.0
2025-08-18,28,14.0,23.75,9.75,-0.625,38.375,False,normal,0.0
2025-08-25,31,14.0,23.75,9.75,-0.625,38.375,False,normal,0.0
2025-09-01,21,14.0,25.5,11.5,-3.25,42.75,False,normal,0.0
2025-09-08,15,14.0,25.5,11.5,-3.25,42.75,False,normal,0.0
2025-09-15,21,14.0,25.5,11.5,-3.25,42.75,False,normal,0.0
2025-09-22,20,14.0,23.5,9.5,-0.25,37.75,False,normal,0.0
2025-09-29,33,14.0,21.75,7.75,2.375,33.375,False,normal,0.0
2025-10-06,27,14.0,21.75,7.75,2.375,33.375,False,normal,0.0
2025-10-13,21,14.0,21.75,7.75,2.375,33.375,False,normal,0.0
2025-10-20,17,14.25,21.75,7.5,3.0,33.0,False,normal,0.0
2025-10-27,24,15.0,21.75,6.75,4.875,31.875,False,normal,0.0
2025-11-03,31,15.0,23.5,8.5,2.25,36.25,False,normal,0.0
2025-11-10,12,15.0,24.0,9.0,1.5,37.5,False,normal,0.0
2025-11-17,31,14.25,24.0,9.75,-0.375,38.625,False,normal,0.0
2025-11-24,24,14.25,26.25,12.0,-3.75,44.25,False,normal,0.0
2025-12-01,49,14.25,24.0,9.75,-0.375,38.625,True,high,1.064102564102564
2025-12-08,21,14.25,26.25,12.0,-3.75,44.25,False,normal,0.0
2025-12-15,22,14.25,26.25,12.0,-3.75,44.25,False,normal,0.0
2025-12-22,27,14.25,26.25,12.0,-3.75,44.25,False,normal,0.0
2025-12-29,30,15.5,27.0,11.5,-1.75,44.25,False,normal,0.0
2026-01-05,22,17.25,27.75,10.5,1.5,43.5,False,normal,0.0
2026-01-12,26,17.25,27.75,10.5,1.5,43.5,False,normal,0.0
2026-01-19,29,17.5,27.75,10.25,2.125,43.125,False,normal,0.0
2026-01-26,33,19.25,28.75,9.5,5.0,43.0,False,normal,0.0
2026-02-02,55,20.25,29.75,9.5,6.0,44.0,True,high,1.1578947368421053
2026-02-09,31,20.25,29.75,9.5,6.0,44.0,False,normal,0.0
2026-02-16,23,21.0,30.75,9.75,6.375,45.375,False,normal,0.0
2026-02-23,38,21.0,30.75,9.75,6.375,45.375,False,normal,0.0
2026-03-02,35,21.0,31.0,10.0,6.0,46.0,False,normal,0.0
2026-03-09,29,21.0,31.0,10.0,6.0,46.0,False,normal,0.0
2026-03-16,26,21.25,31.0,9.75,6.625,45.625,False,normal,0.0
2026-03-23,28,21.25,31.0,9.75,6.625,45.625,False,normal,0.0
2026-03-30,31,21.25,31.0,9.75,6.625,45.625,False,normal,0.0
2026-04-06,36,22.0,31.0,9.0,8.5,44.5,False,normal,0.0
2026-04-13,40,22.25,31.0,8.75,9.125,44.125,False,normal,0.0
2026-04-20,29,23.25,32.5,9.25,9.375,46.375,False,normal,0.0
2026-04-27,44,24.0,32.5,8.5,11.25,45.25,False,normal,0.0
2026-05-04,76,24.0,32.5,8.5,11.25,45.25,True,high,3.6176470588235294
2026-05-11,36,24.0,34.5,10.5,8.25,50.25,False,normal,0.0
2026-05-18,38,24.5,35.75,11.25,7.625,52.625,False,normal,0.0
2026-05-25,45,26.0,36.0,10.0,11.0,51.0,False,normal,0.0
2026-06-01,40,26.25,37.5,11.25,9.375,54.375,False,normal,0.0
2026-06-08,54,26.25,38.0,11.75,8.625,55.625,False,normal,0.0
2026-06-15,29,27.25,39.5,12.25,8.875,57.875,False,normal,0.0
2026-06-22,34,27.25,39.5,12.25,8.875,57.875,False,normal,0.0
2026-06-29,53,28.25,39.5,11.25,11.375,56.375,False,normal,0.0
2026-07-06,39,28.25,39.5,11.25,11.375,56.375,False,normal,0.0
2026-07-13,53,29.0,39.75,10.75,12.875,55.875,False,normal,0.0
2026-07-20,72,29.0,40.0,11.0,12.5,56.5,True,high,1.4090909090909092
2026-07-27,61,29.0,43.0,14.0,8.0,64.0,False,normal,0.0
