seed,discovery_method,fitness,precision,f_score,generalization,size,cfc,simplicity,status,error
0,alpha_classic,0.6490770192331494,0.24565875418193406,0.35642131822746836,0.6296737493368177,41.0,0.0,1.0,ok,
0,inductive_IM,1.0,0.2273692489186001,0.37049852620786883,0.7112948942836532,229.0,5.0,0.6149068322981366,ok,
0,heuristics_dep_0.6,0.8084647964255693,0.5449330783938815,0.6510416758974751,0.4400176197953244,316.0,19.0,0.48638132295719844,ok,
0,heuristics_dep_0.7,0.8085336738659707,0.5449330783938815,0.651064007518831,0.4431893593963565,316.0,19.0,0.48638132295719844,ok,
0,heuristics_dep_0.8,0.8044119782981595,0.5449330783938815,0.6497236469751597,0.4382476296903425,316.0,19.0,0.48638132295719844,ok,
0,heuristics_dep_0.9,0.8084647964255693,0.5449330783938815,0.6510416758974751,0.4432471668314033,316.0,19.0,0.48638132295719844,ok,
0,inductive_IMf_noise_0.3,0.942822577874371,0.42613787596486563,0.5869744587878147,0.7112258813120004,183.0,5.0,0.6585365853658536,ok,
0,inductive_IMf_noise_0.4,0.9102800149976138,0.28914044512663084,0.4388765699378218,0.6318018123208924,223.0,3.0,0.6644295302013422,ok,
0,inductive_IMf_noise_0.5,0.9057371349095966,0.28959014816240136,0.43886315456728403,0.6375534144728304,212.0,3.0,0.6619718309859156,ok,
0,inductive_IMf_noise_0.6,0.8756914943810516,0.30843820920156795,0.4561944785655673,0.6194482683085598,209.0,3.0,0.6690647482014388,ok,
1,alpha_classic,0.6115979207831866,0.18615984405458086,0.28543745626909073,0.6034148968925407,42.0,1.0,1.0,ok,
1,inductive_IM,1.0,0.18263574278179728,0.3088622069754145,0.6654946575296068,408.0,10.0,0.6312056737588652,ok,
1,heuristics_dep_0.6,0.7906827215337854,0.6441402908468776,0.7099281149266257,0.4886997875735355,291.0,18.0,0.49572649572649574,ok,
1,heuristics_dep_0.7,0.789795918367347,0.6441402908468776,0.7095704387653355,0.48856387852530836,291.0,18.0,0.49572649572649574,ok,
1,heuristics_dep_0.8,0.7906827215337854,0.6441402908468776,0.7099281149266257,0.4886997875735355,291.0,18.0,0.49572649572649574,ok,
1,heuristics_dep_0.9,0.789795918367347,0.6441402908468776,0.7095704387653355,0.48856387852530836,291.0,18.0,0.49572649572649574,ok,
1,inductive_IMf_noise_0.3,0.9562719835943574,0.28146580530184895,0.43491903756127986,0.6527188367580643,225.0,4.0,0.6470588235294118,ok,
1,inductive_IMf_noise_0.4,0.9175740686913356,0.279245283018868,0.4281819643647089,0.6033995865362315,251.0,4.0,0.6568047337278107,ok,
1,inductive_IMf_noise_0.5,0.9277305163289025,0.3871078938297139,0.5462751976865512,0.5670176289570166,212.0,1.0,0.6619718309859156,ok,
1,inductive_IMf_noise_0.6,0.8924775932644149,0.37617791179796456,0.529269539320957,0.5307645607020237,198.0,1.0,0.6666666666666666,ok,
2,alpha_classic,0.5667683494364413,0.1816722837425775,0.27514834398495597,0.6192527410198527,70.0,16.0,0.6595744680851063,ok,
2,inductive_IM,1.0,0.18917674907943183,0.31816422449543813,0.6766311049386784,386.0,10.0,0.626865671641791,ok,
2,heuristics_dep_0.6,0.7917566746914786,0.7606936416184971,0.7759143874934228,0.5195072131428777,275.0,18.0,0.48878923766816146,ok,
2,heuristics_dep_0.7,0.7945763211264821,0.7606936416184971,0.77726590204924,0.5210400253423378,275.0,18.0,0.48878923766816146,ok,
2,heuristics_dep_0.8,0.7934946283423043,0.7606936416184971,0.7767480042217113,0.5252791156012906,275.0,18.0,0.48878923766816146,ok,
2,heuristics_dep_0.9,0.7934946283423043,0.7606936416184971,0.7767480042217113,0.5252791156012906,275.0,18.0,0.48878923766816146,ok,
2,inductive_IMf_noise_0.3,0.9926683389015947,0.2706390720946099,0.4253198165380389,0.7347493627056434,242.0,7.0,0.6385542168674699,ok,
2,inductive_IMf_noise_0.4,0.8845903365615864,0.42917436032709044,0.5779474707220176,0.688753802622791,183.0,5.0,0.6585365853658536,ok,
2,inductive_IMf_noise_0.5,0.8776294534618463,0.25206691020957506,0.3916474404221223,0.6153568610965363,204.0,3.0,0.6521739130434783,ok,
2,inductive_IMf_noise_0.6,0.8628157728931634,0.2735749099385463,0.4154288677809596,0.5808487203212445,205.0,3.0,0.6642335766423357,ok,
3,alpha_classic,0.6040062144591761,0.19673469387755105,0.296797569512446,0.5548730832636548,42.0,1.0,1.0,ok,
3,inductive_IM,1.0,0.18506730322922882,0.312332139659803,0.6775383536131786,257.0,5.0,0.6132596685082872,ok,
3,heuristics_dep_0.6,0.8066895446764225,0.520893371757925,0.6330289907871784,0.49213904047058243,294.0,18.0,0.4833333333333333,ok,
3,heuristics_dep_0.7,0.805107865919048,0.520893371757925,0.632541416993103,0.4891883461376182,294.0,18.0,0.4833333333333333,ok,
3,heuristics_dep_0.8,0.8083514771174863,0.520893371757925,0.6335400537191664,0.4993133205588268,294.0,18.0,0.4833333333333333,ok,
3,heuristics_dep_0.9,0.8083514771174863,0.520893371757925,0.6335400537191664,0.5002509796231481,294.0,18.0,0.4833333333333333,ok,
3,inductive_IMf_noise_0.3,0.936384891720176,0.3967579059261228,0.557356810441735,0.6922977444376519,197.0,5.0,0.6541353383458647,ok,
3,inductive_IMf_noise_0.4,0.9169159142753429,0.2706310679611651,0.4179134582845569,0.6551347493679562,263.0,4.0,0.6685714285714286,ok,
3,inductive_IMf_noise_0.5,0.9303441420266552,0.2809659090909091,0.4315905533694795,0.6787693121267493,183.0,3.0,0.6585365853658536,ok,
3,inductive_IMf_noise_0.6,0.8829523449043446,0.3186534470832373,0.4682996872853032,0.6540178900919722,176.0,3.0,0.6610169491525424,ok,
4,alpha_classic,0.6897455688965123,0.16923286551301264,0.2717824206599557,0.5745173614318966,66.0,11.0,0.8888888888888888,ok,
4,inductive_IM,1.0,0.18394513916901978,0.310732538330494,0.663564292292806,389.0,10.0,0.6236162361623616,ok,
4,heuristics_dep_0.6,0.783687457438621,0.6126526082130965,0.6876951777496547,0.47585978221162284,279.0,16.0,0.4824561403508772,ok,
4,heuristics_dep_0.7,0.7842826629555604,0.6126526082130965,0.6879242423796247,0.4759379693275989,279.0,16.0,0.4824561403508772,ok,
4,heuristics_dep_0.8,0.783687457438621,0.6126526082130965,0.6876951777496547,0.47585978221162284,279.0,16.0,0.4824561403508772,ok,
4,heuristics_dep_0.9,0.783687457438621,0.6126526082130965,0.6876951777496547,0.47585978221162284,279.0,16.0,0.4824561403508772,ok,
4,inductive_IMf_noise_0.3,0.9256901118198111,0.4136375696471213,0.5717797270943247,0.6665893865951692,204.0,4.0,0.6521739130434783,ok,
4,inductive_IMf_noise_0.4,0.9252632398240802,0.4323349972268441,0.5893108422008644,0.6805333718147685,197.0,4.0,0.6541353383458647,ok,
4,inductive_IMf_noise_0.5,0.9235713102268911,0.27771108443377346,0.4270203097207339,0.6325686033070805,257.0,5.0,0.6457142857142857,ok,
4,inductive_IMf_noise_0.6,0.8583922718647576,0.27579890087522896,0.41746691526114416,0.5922356943014343,243.0,5.0,0.6484848484848486,ok,
5,alpha_classic,0.6215209688032599,0.19922013470400568,0.30172606342544034,0.5866756452654724,78.0,17.0,0.5789473684210527,ok,
5,inductive_IM,1.0,0.19590928064561008,0.327632344386271,0.6750396722630085,377.0,9.0,0.637065637065637,ok,
5,heuristics_dep_0.6,0.8534602706398167,0.593573599652627,0.7001791670595793,0.49212338900608144,277.0,17.0,0.502262443438914,ok,
5,heuristics_dep_0.7,0.8534602706398167,0.593573599652627,0.7001791670595793,0.491268492949812,277.0,17.0,0.502262443438914,ok,
5,heuristics_dep_0.8,0.8536903587497895,0.593573599652627,0.7002565859391873,0.4971670388290056,277.0,17.0,0.502262443438914,ok,
5,heuristics_dep_0.9,0.8523373489918356,0.593573599652627,0.6998009785232824,0.4932793303956938,277.0,17.0,0.502262443438914,ok,
5,inductive_IMf_noise_0.3,0.9326381747324086,0.42884046273876786,0.5875273770919571,0.6795682305755752,197.0,5.0,0.6541353383458647,ok,
5,inductive_IMf_noise_0.4,0.9330744642278657,0.42884046273876786,0.5876139207908235,0.7262397846138391,179.0,5.0,0.652892561983471,ok,
5,inductive_IMf_noise_0.5,0.9306466728057448,0.3915094339622641,0.5511557224202621,0.5948527541780713,176.0,1.0,0.6610169491525424,ok,
5,inductive_IMf_noise_0.6,0.8887530064000653,0.434709351305813,0.5838462131298854,0.5439213762601025,162.0,1.0,0.6666666666666666,ok,
6,alpha_classic,0.6138847375303569,0.1835510530525193,0.28260379420443343,0.5795370768086938,43.0,1.0,1.0,ok,
6,inductive_IM,1.0,0.1802220981450462,0.30540370058873,0.6648232115447408,393.0,9.0,0.6263736263736264,ok,
6,heuristics_dep_0.6,0.7823572367460201,0.5710344827586207,0.6601975667196261,0.4512407106922752,304.0,21.0,0.48387096774193544,ok,
6,heuristics_dep_0.7,0.7834147286909057,0.5710344827586207,0.6605737898503213,0.4526664190835573,304.0,21.0,0.48387096774193544,ok,
6,heuristics_dep_0.8,0.7834147286909057,0.5710344827586207,0.6605737898503213,0.4526664190835573,304.0,21.0,0.48387096774193544,ok,
6,heuristics_dep_0.9,0.7823572367460201,0.5710344827586207,0.6601975667196261,0.4512407106922752,304.0,21.0,0.48387096774193544,ok,
6,inductive_IMf_noise_0.3,0.9358172602357155,0.42812254516889237,0.5874811566867417,0.6874855739426926,193.0,4.0,0.6488549618320612,ok,
6,inductive_IMf_noise_0.4,0.9334787860653513,0.226797849680495,0.3649319048226614,0.641289564650234,267.0,7.0,0.6393442622950819,ok,
6,inductive_IMf_noise_0.5,0.893881003387138,0.22850958565244284,0.3639737889844006,0.6502023966667836,253.0,7.0,0.6416184971098265,ok,
6,inductive_IMf_noise_0.6,0.8743333329403051,0.2286038358424417,0.36244304638976477,0.6185598353799109,242.0,7.0,0.6385542168674699,ok,
7,alpha_classic,0.6181623886408363,0.22658705216844754,0.33161926279429377,0.5565402580587805,46.0,1.0,1.0,ok,
7,inductive_IM,1.0,0.19902378660800224,0.3319763775012901,0.6874312545050991,272.0,6.0,0.6210526315789473,ok,
7,heuristics_dep_0.6,0.779984985670286,0.5865191146881288,0.6695568687212564,0.4673963493365063,287.0,18.0,0.49137931034482757,ok,
7,heuristics_dep_0.7,0.779984985670286,0.5865191146881288,0.6695568687212564,0.4673963493365063,287.0,18.0,0.49137931034482757,ok,
7,heuristics_dep_0.8,0.7785409528228247,0.5865191146881288,0.669024259468247,0.46453758936510414,287.0,18.0,0.49137931034482757,ok,
7,heuristics_dep_0.9,0.779984985670286,0.5865191146881288,0.6695568687212564,0.4673963493365063,287.0,18.0,0.49137931034482757,ok,
7,inductive_IMf_noise_0.3,0.9413700130712706,0.2423910663455222,0.38551644459617046,0.6780735876804337,276.0,6.0,0.6559139784946236,ok,
7,inductive_IMf_noise_0.4,0.912864174223462,0.24104774535809015,0.38138760382081105,0.6670141994864034,265.0,6.0,0.6536312849162011,ok,
7,inductive_IMf_noise_0.5,0.9029376864492755,0.2425275599499943,0.38235516017585813,0.6533665780996524,254.0,6.0,0.6511627906976745,ok,
7,inductive_IMf_noise_0.6,0.8523376316962518,0.24489480198019797,0.38047190208392134,0.5842342345129772,223.0,4.0,0.6644295302013422,ok,
8,alpha_classic,0.6395525813543352,0.18074392372767556,0.2818377068974325,0.6082443830272917,35.0,0.0,1.0,ok,
8,inductive_IM,1.0,0.19790445991590266,0.33041776959373925,0.6648172569409907,375.0,8.0,0.6245210727969348,ok,
8,heuristics_dep_0.6,0.7742852139058206,0.571647509578544,0.6577122414958423,0.46503753192644215,311.0,21.0,0.4861660079051383,ok,
8,heuristics_dep_0.7,0.7742852139058206,0.571647509578544,0.6577122414958423,0.46503753192644215,311.0,21.0,0.4861660079051383,ok,
8,heuristics_dep_0.8,0.7742852139058206,0.571647509578544,0.6577122414958423,0.46503753192644215,311.0,21.0,0.4861660079051383,ok,
8,heuristics_dep_0.9,0.7742852139058206,0.571647509578544,0.6577122414958423,0.46503753192644215,311.0,21.0,0.4861660079051383,ok,
8,inductive_IMf_noise_0.3,0.9369642329293526,0.4124874623871615,0.5728044955294403,0.6749972120896471,207.0,5.0,0.6453900709219859,ok,
8,inductive_IMf_noise_0.4,0.9142663017063881,0.24910372110273216,0.3915300091435518,0.6437654159169095,279.0,5.0,0.6507936507936508,ok,
8,inductive_IMf_noise_0.5,0.888007516660829,0.2732558139534884,0.4179124757751634,0.640788989818446,268.0,6.0,0.6483516483516484,ok,
8,inductive_IMf_noise_0.6,0.8437252556588135,0.28689516129032255,0.4281909112523017,0.569987019494707,265.0,6.0,0.6536312849162011,ok,
9,alpha_classic,0.5728422394602819,0.19320843091334894,0.2889572570781207,0.6068124531894371,65.0,9.0,0.8378378378378379,ok,
9,inductive_IM,1.0,0.2067785822261119,0.34269514767932496,0.6998752242892454,269.0,5.0,0.6256684491978609,ok,
9,heuristics_dep_0.6,0.768014429546815,0.5778625954198473,0.6595057398930028,0.49954036759728493,276.0,17.0,0.5068493150684932,ok,
9,heuristics_dep_0.7,0.768014429546815,0.5778625954198473,0.6595057398930028,0.489472438546229,276.0,17.0,0.5068493150684932,ok,
9,heuristics_dep_0.8,0.768014429546815,0.5778625954198473,0.6595057398930028,0.489472438546229,276.0,17.0,0.5068493150684932,ok,
9,heuristics_dep_0.9,0.768014429546815,0.5778625954198473,0.6595057398930028,0.49954036759728493,276.0,17.0,0.5068493150684932,ok,
9,inductive_IMf_noise_0.3,0.9314583162689887,0.423828125,0.5825753430105916,0.7488113833422121,179.0,5.0,0.652892561983471,ok,
9,inductive_IMf_noise_0.4,0.8821670191856318,0.4239798770262717,0.57270903509505,0.7373234850378001,168.0,5.0,0.649122807017544,ok,
9,inductive_IMf_noise_0.5,0.9178627018808214,0.26546284765462846,0.41181980173234595,0.660371674303051,231.0,3.0,0.673202614379085,ok,
9,inductive_IMf_noise_0.6,0.8966982901905632,0.32553407934893186,0.47766015632678555,0.662779403470849,207.0,3.0,0.6888888888888889,ok,
