week_start,value,is_anomaly,anomaly_direction,anomaly_score,lower_bound,upper_bound,title_count,event_count,severity,component,reasoning,extraction_method,confidence,event_descriptions,titles_in_week
2020-12-07,18,True,high,2.5833333333333335,-1.75,10.25,17,18,P2,build & ci,"Weekly closures show a clearly beyond-typical spike (18 vs upper bound 10), covering 17 unique titles across 18 events, focused on build & ci, documentation, with recurring terms like fix, not, install, disk, flagged by P1/P2 signal words.",rule_based,0.5747916666666667,"['closed (#112)', 'closed (#108)', 'closed (#15)', 'closed (#95)', 'closed (#89)', 'closed (#81)', 'closed (#111)', 'closed (#84)', 'closed (#83)', 'closed (#106)', 'closed (#94)', 'closed (#88)', 'closed (#104)', 'closed (#79)', 'closed (#99)', 'closed (#98)', 'closed (#93)', 'closed (#75)']","['尝试执行示例代码出错了ValueError: operands could not be broadcast together with shapes (0,) (3011,)', 'disk cache generate failure when load data from disk', 'Is tensorflow model available ?', 'fix typo', 'Fix readthedocs', 'FIX CI', 'scripts folder not available after pip install pyqlib', 'Add the Config of readthedocs', 'Update the Install Method in README', 'Update CI', 'Did not get graph in jupyternotebook', ""No module named 'qlib.tests"", 'Fix CI', 'Add author names', 'A scaled down approach to examples', 'python setup.py install failure', 'Supporting TSDatasetH']"
2020-12-14,18,True,high,0.5,-4.5,15.5,18,18,P4,documentation,"Weekly closures show a slightly beyond-typical spike (18 vs upper bound 16), covering 18 unique titles across 18 events, focused on documentation, build & ci, with recurring terms like fixing, typos, demo, install, flagged by P1/P2 signal words.",rule_based,0.5877142857142857,"['closed (#139)', 'closed (#119)', 'closed (#122)', 'closed (#135)', 'closed (#113)', 'closed (#124)', 'closed (#118)', 'closed (#130)', 'closed (#129)', 'closed (#97)', 'closed (#105)', 'closed (#115)', 'closed (#138)', 'closed (#128)', 'closed (#117)', 'closed (#134)', 'closed (#120)', 'closed (#123)']","['Problem converting ""workflow_by_code.py"" to LSTM', 'Refactor to Python3 style', 'Demo', 'fixing typos #4', 'Update the Sign operation in ops.py', 'Add stale bot', 'Update CI and script', 'fixing typos #2', 'Config.__getattr__ should raise AttributeError', 'Update benchmark performance', 'Add CI for `pip install pyqlib`', 'Cannot install pyqlib', 'add more doc to PortAnaRecord', ""Process 'Killed' running your example"", 'More user friendly  demo of Qlib', 'fixing typos #3', 'report_graph plots no curves but only axis and legends', 'Typo fix']"
2021-02-01,26,True,high,0.014285714285714285,-9.125,25.875,25,26,P2,documentation,"Weekly closures show a near-typical spike (26 vs upper bound 26), covering 25 unique titles across 26 events, focused on documentation, build & ci, with recurring terms like fix, highfreq, freq, bug, flagged by P1/P2 signal words.",rule_based,0.6724509803921569,"['closed (#257)', 'closed (#241)', 'closed (#234)', 'closed (#259)', 'closed (#246)', 'closed (#245)', 'closed (#261)', 'closed (#252)', 'closed (#254)', 'closed (#251)', 'closed (#244)', 'closed (#242)', 'closed (#264)', 'closed (#239)', 'closed (#250)', 'closed (#247)', 'closed (#236)', 'closed (#216)', 'closed (#260)', 'closed (#248)', 'closed (#231)', 'closed (#258)', 'closed (#256)', 'closed (#253)', 'closed (#243)']","['Add Qlib highfreq doc & Update DatatSet Init Method', 'Update pytorch_nn.py', 'move `freq` params to dataloader', 'Fix typo in workflow_by_code.py', 'Update pytorch_gru_ts.py', 'Update pytorch_gru.py', 'Update models to enable save/load', 'update 1min docs', 'Update Highfreq Handler & Ops / Fix a Highfreq Bug', 'Update record temp API', 'Update pytorch_gats.py', 'Update pytorch_alstm.py', 'Add model saving for qrun and workflow example', 'data preparation i cannot find the module named fire  get_data.py', 'Fix CI', 'Update pytorch_lstm.py', 'Fix bug in alpha360', 'CUDA support ？', 'Update docs about record-temp', 'Update pytorch_lstm_ts.py', 'Alpha360 - ValueError: calendar not exists for freq day', 'Update readme and setup.py', 'Fix Highfreq Freq', 'CI: the MacOS numpy bug.', 'Update pytorch_alstm_ts.py']"
2021-05-10,40,True,high,1.8235294117647058,-9.5,24.5,40,40,P4,documentation,"Weekly closures show a clearly beyond-typical spike (40 vs upper bound 24), covering 40 unique titles across 40 events, focused on documentation, api & endpoints, with recurring terms like data, qlib, how, can, flagged by P1/P2 signal words.",rule_based,0.6063888888888889,"['closed (#139)', 'closed (#102)', 'closed (#229)', 'closed (#212)', 'closed (#160)', 'closed (#136)', 'closed (#85)', 'closed (#413)', 'closed (#423)', 'closed (#416)', 'closed (#144)', 'closed (#90)', 'closed (#176)', 'closed (#163)', 'closed (#100)', 'closed (#223)', 'closed (#154)', 'closed (#87)', 'closed (#422)', 'closed (#159)', 'closed (#109)', 'closed (#80)', 'closed (#410)', 'closed (#206)', 'closed (#168)', 'closed (#150)', 'closed (#419)', 'closed (#411)', 'closed (#127)', 'closed (#110)', 'closed (#306)', 'closed (#418)', 'closed (#249)', 'closed (#199)', 'closed (#86)', 'closed (#262)', 'closed (#233)', 'closed (#103)', 'closed (#417)', 'closed (#186)']","['Problem converting ""workflow_by_code.py"" to LSTM', ""AttributeError: 'Redis' object has no attribute 'client'"", 'workflow_by_code.ipynb training model stuck', '请问能得到每个因子的IC吗？', 'yaml transcode, ask for help', 'the lastest date is 2020-09-25, are there some data rolling errors?', 'Could you provide the dataset used to benchmark various storage solutions in the paper?', 'Stale bot update', 'LightGBM hyperparameter', 'Add configurable dataset to examples', 'About the calculation of parameters', 'How to manually add qrun to PATH', ""I have Indian market data in csv format that contains all columns required for qlib format except the 'factor' column, the meaning of which is not clear from the documentation. I would like to know the nature of the data this column contains and whether the same can be generated by calculation from data in the other columns such as open, close, high, low, volume etc."", ""ModuleNotFoundError: No module named 'qlib.contrib.estimator'"", 'ai量化是趋势啊', 'How to understand analyze graphs?', 'Is qlib supporting a event based running way?', 'video tutorials？', 'data_loader.load can not give the result', 'How can I force the qlib.init() not to use cache data?', 'Why the dataset is normalized by the closed price of the first day?', ""No module named 'qlib.tests'"", 'How to convert stock original data to 1min data?', 'How to estimate the memory required when we init instance by config???', 'adjust_dates in config', ""close(1) is previous bar's close price, close(-1) is next bar's price, and close is current bar's close price?"", 'Fix bug and update doc', 'How to easily use the example models with jupyter note book? workflow_by_code_my.ipynb', 'Failed to download ""mlflow"" lib', 'My visuals are on the fritz my name is Shawn Daniel McLean', 'Merge pull request #1 from microsoft/main', 'Modify set_global_logger_level use of contextmanager', ""Can I use 'pred.pkl' and 'label.pkl' generated by myself with the consistent structure and use Qlib to do backtest and portfolio_analysis?"", 'Problem with personal data', 'API for appending data', 'A problem when running the example in server without root permission', 'where is tuner?', 'Is there any buy or sell function for simulation trading?', 'miss  numpy package', 'about qlib data']"
2021-12-20,23,True,high,0.07692307692307693,-3.5,22.5,22,23,P4,documentation,"Weekly closures show a near-typical spike (23 vs upper bound 22), covering 22 unique titles across 23 events, focused on documentation, build & ci, with recurring terms like normalization, dataset, loading, fix, flagged by P2/P3 signal words.",rule_based,0.649,"['closed (#765)', 'closed (#764)', 'closed (#763)', 'closed (#780)', 'closed (#772)', 'closed (#756)', 'closed (#779)', 'closed (#770)', 'closed (#755)', 'closed (#605)', 'closed (#777)', 'closed (#775)', 'closed (#773)', 'closed (#690)', 'closed (#537)', 'closed (#771)', 'closed (#762)', 'closed (#767)', 'closed (#778)', 'closed (#766)', 'closed (#774)', 'closed (#761)']","['Improve normalization of volume', 'accelerate dataset loading?', 'update DatasetH', 'fix cn_index collector', 'UnicodeDecodeError when install from source.', 'Update BCELoss in MLP model', 'Update Contributor list', 'bug!!! in dataset processor', 'Definition of cross sectional', 'update 3.9 CI and qlib version', 'Update Docs of Alpha360', 'Replace scripts/get_data.py to get_data.py.', 'Use encoding=""utf-8"" in open.', 'rolling_process_data example still use too much RAM', 'TCTS model', 'Add docs about the patameters', ""why class Alpha360's fields CLOSE0 and VOLUME0 is zero"", 'Method to convert prediction score to label numbers (numbers before normalization)', 'Enhance Task Dict Var', 'Add Cache to avoid frequently loading Calendar', 'Fix typo leanable to learnable.', 'Does different date range in data affect normalization?']"
2022-01-17,34,True,high,1.2,-5.0,25.0,34,34,P4,documentation,"Weekly closures show a slightly beyond-typical spike (34 vs upper bound 25), covering 34 unique titles across 34 events, focused on documentation, version & bump, with recurring terms like bump, numpy, examples, benchmarks, flagged by P1/P2 signal words.",rule_based,0.7299137931034483,"['closed (#882)', 'closed (#867)', 'closed (#832)', 'closed (#853)', 'closed (#831)', 'closed (#829)', 'closed (#653)', 'closed (#652)', 'closed (#875)', 'closed (#744)', 'closed (#870)', 'closed (#838)', 'closed (#646)', 'closed (#878)', 'closed (#866)', 'closed (#864)', 'closed (#868)', 'closed (#863)', 'closed (#851)', 'closed (#835)', 'closed (#865)', 'closed (#837)', 'closed (#820)', 'closed (#880)', 'closed (#834)', 'closed (#877)', 'closed (#869)', 'closed (#833)', 'closed (#648)', 'closed (#859)', 'closed (#830)', 'closed (#836)', 'closed (#871)', 'closed (#789)']","['fix workflow bug', 'Bump numpy from 1.17.4 to 1.21.0 in /examples/benchmarks/CatBoost', 'Bump numpy from 1.17.4 to 1.21.0 in /examples/benchmarks/TRA', 'Fix code and docs for issues', 'Bump numpy from 1.17.4 to 1.21.0 in /examples/benchmarks/GATs', 'Bump numpy from 1.17.4 to 1.21.0 in /examples/benchmarks/SFM', ""TypeError: '<' not supported between instances of 'datetime.date' and 'str"", 'Why the results of new backtest and old backtest are so different?', 'fall back error', 'Supporting Arctic Backend Provider & Orderbook, Tick Data Example', 'Bump numpy from 1.17.4 to 1.21.0 in /examples/benchmarks/ADARNN', 'Bump numpy from 1.17.4 to 1.21.0 in /examples/benchmarks/LSTM', 'fix topkdropn strategy logic error', 'Docs to get original price', 'Bump numpy from 1.17.4 to 1.21.0 in /examples/benchmarks/DoubleEnsemble', 'Fix pytorch_nn.py step bug', 'Bump numpy from 1.17.4 to 1.21.0 in /examples/benchmarks/ALSTM', 'Add Desc For the limitation of 3.9', 'date range of benchmark dynamic', 'Bump numpy from 1.17.4 to 1.21.0 in /examples/benchmarks/Localformer', 'Remove arctic from Qlib core to Contrib', 'Bump numpy from 1.17.4 to 1.21.0 in /examples/benchmarks/TCN', 'Workflow questions', 'Add more docs about initialization', 'Bump numpy from 1.17.4 to 1.21.0 in /examples/benchmarks/TCTS', 'Make the logic of handler Clear', 'Bump numpy from 1.17.4 to 1.21.0 in /examples/benchmarks/ADD', 'Bump numpy from 1.17.4 to 1.21.0 in /examples/benchmarks/GRU', ""anaconda(3.8) + qlib，UnicodeEncodeError: 'ascii' codec can't encode characters in position 18-20: ordinal not in range(128)"", 'Reformat with black', 'Bump numpy from 1.17.4 to 1.21.0 in /examples/benchmarks/LightGBM', 'Bump numpy from 1.17.4 to 1.21.0 in /examples/benchmarks/MLP', 'Disable Cache By Default', 'How to use processor?']"
2022-03-07,28,True,high,0.3620689655172414,-3.625,25.375,24,28,P2,documentation,"Weekly closures show a near-typical spike (28 vs upper bound 25), covering 24 unique titles across 28 events, focused on documentation, build & ci, with recurring terms like fix, data, callback, csi500, flagged by P1/P2 signal words.",rule_based,0.5893181818181819,"['closed (#974)', 'closed (#720)', 'closed (#975)', 'closed (#343)', 'closed (#152)', 'closed (#973)', 'closed (#955)', 'closed (#953)', 'closed (#967)', 'closed (#965)', 'closed (#727)', 'closed (#721)', 'closed (#971)', 'closed (#957)', 'closed (#610)', 'closed (#963)', 'closed (#960)', 'closed (#972)', 'closed (#938)', 'closed (#962)', 'closed (#966)', 'closed (#961)', 'closed (#959)', 'closed (#940)', 'closed (#970)', 'closed (#969)', 'closed (#958)', 'closed (#722)']","['Use callback in LGBM.train.', 'benchmark怎么填如果是用的us数据？', 'Cannot build a new model', 'Support Point-in-time Data Operation', 'Add CSI500 Featuer (Surport CSI500 Data)', 'Skip idx.is_lexsorted() when pandas version is larger than 1.3.0.', 'Add REG_TW.', '[949] - Remove argument internal in BaseRun::download_data.', 'safe remove file and more friendly log', 'Update yahooquery marked words', 'problem with datetime_groupby_apply()', 'benchmark setting for custom crypto high freq dataset', 'Use early stop callback to fix the warning.', 'Fix pit docs format', 'broken pipe for ALSTM & transformer', 'Use verbose eval callback', 'Fix csi500', 'Remove redundant import [fix pylint]', 'feat: add instrument context to inst_processor', 'How to get weekly and monthly data from daily K-line data', 'Use early_stopping_callback for LGBM warning.', 'fix annotation in PIT script', ""How to view or export everyday's order and holding?""]"
2023-04-03,24,True,high,1.0,-6.0,18.0,24,24,P4,documentation,"Weekly closures show a slightly beyond-typical spike (24 vs upper bound 18), covering 24 unique titles across 24 events, focused on documentation, version & bump, with recurring terms like bump, numpy, examples, benchmarks, flagged by P2/P4 signal words.",rule_based,0.8849848331648129,"['closed (#1472)', 'closed (#1163)', 'closed (#1147)', 'closed (#1158)', 'closed (#1153)', 'closed (#1161)', 'closed (#1485)', 'closed (#1150)', 'closed (#1144)', 'closed (#1156)', 'closed (#1155)', 'closed (#1162)', 'closed (#1157)', 'closed (#1154)', 'closed (#1152)', 'closed (#1151)', 'closed (#1159)', 'closed (#1149)', 'closed (#1146)', 'closed (#1451)', 'closed (#1164)', 'closed (#1160)', 'closed (#1145)', 'closed (#1148)']","['Refine DDG-DA', 'Bump numpy from 1.21.0 to 1.22.0 in /examples/benchmarks/IGMTF', 'Bump numpy from 1.21.0 to 1.22.0 in /examples/benchmarks/SFM', 'Bump numpy from 1.21.0 to 1.22.0 in /examples/benchmarks/ADARNN', 'Bump numpy from 1.21.0 to 1.22.0 in /examples/benchmarks/ADD', 'Bump numpy from 1.21.0 to 1.22.0 in /examples/benchmarks/Transformer', 'Update Docs about some concepts in DataHandler', 'Bump numpy from 1.21.0 to 1.22.0 in /examples/benchmarks/Localformer', 'Bump numpy from 1.21.0 to 1.22.0 in /examples/benchmarks/GATs', 'Bump numpy from 1.21.0 to 1.22.0 in /examples/benchmarks/GRU', 'Bump numpy from 1.21.0 to 1.22.0 in /examples/benchmarks/LSTM', 'Bump numpy from 1.21.0 to 1.22.0 in /examples/benchmarks/TabNet', 'Bump numpy from 1.21.0 to 1.22.0 in /examples/benchmarks/TCN', 'Bump numpy from 1.21.0 to 1.22.0 in /examples/benchmarks/MLP', 'Bump numpy from 1.21.0 to 1.22.0 in /examples/benchmarks/TRA', 'Bump numpy from 1.21.0 to 1.22.0 in /examples/benchmarks/TCTS', 'Bump numpy from 1.21.0 to 1.22.0 in /examples/benchmarks/XGBoost', 'Bump numpy from 1.21.0 to 1.22.0 in /examples/benchmarks/DoubleEnsemble', 'Bump numpy from 1.21.0 to 1.22.0 in /examples/benchmarks/CatBoost', 'fix: removed extra blank link between sections', 'Bump numpy from 1.21.0 to 1.22.0 in /examples/benchmarks/HIST', 'Bump numpy from 1.21.0 to 1.22.0 in /examples/hyperparameter/LightGBM', 'Bump numpy from 1.21.0 to 1.22.0 in /examples/benchmarks/LightGBM', 'Bump numpy from 1.21.0 to 1.22.0 in /examples/benchmarks/ALSTM']"
2023-10-23,66,True,high,14.233333333333333,-2.375,12.625,66,66,P2,runtime stability,"Weekly closures show a well beyond-typical spike (66 vs upper bound 13), covering 66 unique titles across 66 events, focused on runtime stability, documentation, with recurring terms like qlib, error, data, can, flagged by P1/P2 signal words.",rule_based,0.6661681329423266,"['closed (#1567)', 'closed (#1065)', 'closed (#930)', 'closed (#926)', 'closed (#691)', 'closed (#1586)', 'closed (#1465)', 'closed (#1442)', 'closed (#1087)', 'closed (#240)', 'closed (#304)', 'closed (#294)', 'closed (#1443)', 'closed (#724)', 'closed (#391)', 'closed (#369)', 'closed (#217)', 'closed (#1380)', 'closed (#1307)', 'closed (#1281)', 'closed (#1600)', 'closed (#1555)', 'closed (#1462)', 'closed (#1455)', 'closed (#1184)', 'closed (#1607)', 'closed (#1597)', 'closed (#1441)', 'closed (#1033)', 'closed (#776)', 'closed (#681)', 'closed (#1663)', 'closed (#1444)', 'closed (#1019)', 'closed (#1615)', 'closed (#1613)', 'closed (#1436)', 'closed (#1026)', 'closed (#849)', 'closed (#460)', 'closed (#1681)', 'closed (#925)', 'closed (#739)', 'closed (#1298)', 'closed (#1232)', 'closed (#1166)', 'closed (#593)', 'closed (#736)', 'closed (#731)', 'closed (#708)', 'closed (#1494)', 'closed (#1359)', 'closed (#996)', 'closed (#949)', 'closed (#716)', 'closed (#1376)', 'closed (#1190)', 'closed (#1306)', 'closed (#1035)', 'closed (#942)', 'closed (#714)', 'closed (#608)', 'closed (#883)', 'closed (#625)', 'closed (#354)', 'closed (#96)']","['请问在yaml文件中，<MODEL> <DATASET> 的作用是什么？为什么要这样写?', 'there exists a number of bugs in \\qlib\\scripts\\data_collector\\cn_index\\collector.py', 'Is the class name of HasingStockStorage a typo?', 'ValueError: need at most 63 handles, got a sequence of length 64', 'error in qlib/examples/workflow_by_code.ipyb  ""module_path"": ""qlib.contrib.strategy.model_strategy"", should be ""module_path"": ""qlib.contrib.strategy.signal_strategy""', ""Quick Start don't work with windows"", 'packaging package causes import error for LegacyVersion class', ""qlib/examples/workflow_by_code.py::: OSError: [WinError 1] 函数不正确。: 'Z:\\\\Temp\\\\tmpdsumgfzp'  // Can not Save model ~~"", 'bad magic number for central directory', 'Initialization bug in Qlib', 'qrun call python3 default rather than python2', '""Unexpected keyword argument \'freq\' "" when runnning workflow.py', 'Processing Normalize got 2000-01 ERROR', 'qlib.contrib.strategy.model_strategy - bug keeps happening', ""TypeError: can't pickle _thread.RLock objects"", 'Double Ensemble MlflowException', 'Does qlib support distributed training on multiple machines?', 'test_contrib_model.py running error', ""Don't use `.values` to try to modify the values."", 'Can Qlib automatically generator the trading strategy base on the real history data and the predict data from the predict models?', 'fit time and train time, why should we have both?', 'problems when downloading dataset', 'NaN loss', 'Future Warning in qlib.utils.paral', 'highfreq data get calendar failure', 'there is the question when I run python .\\run_all_model.py run --models=lightgbm', '请问qlib推荐的电脑硬件配置是？', 'workflow_by_code.py OSError: [Errno 9] Bad file descriptor', 'DoubleEnsemble causes KeyError', 'Scroll backtest', 'Dataloading broke with recent commits', 'Could not normalize data downloaded from Yahoo Finance using the collector function provided', 'Normalize Random Error :Expecting value: line 1 column 1 (char 0)', 'Download csi300 info failed', 'A bug in calculating mdd', ""AttributeError: 'float' object has no attribute 'lower'"", 'Double Ensemble Model neads more than 100GB memory. How to reduce it?', 'Wrong stock code in qlib_data/cn_data/instruments/csi300.txt', 'Inconsistency of the adjusted close price provided by Qlib', 'RuntimeWarning: overflow encountered in multiply', 'get', ""ERROR - qlib.workflow - [utils.py:38] - An exception has been raised[ValueError: can't find a freq from [Freq(day)] that can resample to 1min!]."", 'model_performance_graph reports ""IndexError: invalid index to scalar variable""', 'not compatible with mlflow v1.28.0', 'Simplify the command to download the data', ""TypeError: control character 'delimiter' cannot be a newline"", 'Fix bugs  Add new feature  Update documentation', 'Change to MLP Model ""mat1 and mat2 shapes cannot be multiplied""', ""install from source with pip install . will cause import error: FileNotFoundError: [Errno 2] No such file or directory: '~/qlib/qlib/VERSION.txt'"", 'Div($vwap,$close);  The length of series_left and series_right is different error', 'Timeout downloading 1min interval data', ""UnicodeDecodeError: 'utf-8' codec can't decode byte 0xed in position 65990: invalid continuation byte"", 'DDG-DA Nested Run Error', 'Remove argument interval in BaseRun:download_data', 'Add new dataset: crypto dataset from CoinGecko', 'python examples/benchmarks_dynamic/DDG-DA/workflow.py run_all killed', 'How translate my csv data files to 1min high-freq qlib_data ?', 'Alpha360 data preprocess does not work. Problem may come from ZScoreNorm', ""run the example workflow_by_code.ipynb, caused MlflowException: Invalid experiment ID: '.ipynb_checkpoints'"", 'Formula Alpha with cross sectional data', ""ModuleNotFoundError: No module named 'qlib.contrib.strategy.model_strategy' on workflow notebook example"", ""Filter Pipe gives error:  KeyError: 'func'"", 'empty dataset error for benchmark dynamics using gbdt meta', ""TypeError: cannot pickle '_thread.RLock' object"", 'Backtest on randomly generated data', ""ModuleNotFoundError: No module named 'qlib.config'""]"
2025-03-10,12,True,high,1.7727272727272727,-3.875,7.125,12,12,P1,api & endpoints,"Weekly closures show a clearly beyond-typical spike (12 vs upper bound 7), covering 12 unique titles across 12 events, focused on api & endpoints, runtime stability, with recurring terms like data, module, error, modulenotfounderror, flagged by P1/P2 signal words.",rule_based,0.6155714285714287,"['closed (#1838)', 'closed (#1775)', 'closed (#1826)', 'closed (#1773)', 'closed (#1805)', 'closed (#1837)', 'closed (#1833)', 'closed (#1815)', 'closed (#1818)', 'closed (#1844)', 'closed (#1762)', 'closed (#1828)']","['sugetion for your account', 'Qlib to load csv minutes level trading data', 'kernels get killed OOM when running 1min data REG_CN', 'OSError: [WinError 8] Not enough memory resources are available to process this command', 'HTTPError: 403 Client Error: Server failed to authenticate the request.  Make sure the value of Authorization header is formed correctly including the signature.', 'Doc', 'How to do portfolio simulation and backtest with the original stock prices instead of the adjusted ones', 'Deprecated class Text of module typing', 'dump_bin DumpDataUpdate mode append data error', ""ModuleNotFoundError: No module named 'numpy._core'"", 'Image link broken', 'ModuleNotFoundError: No module named raise when make a change in code']"
2025-04-21,7,True,high,1.3571428571428572,-2.375,4.625,7,7,P2,runtime stability,"Weekly closures show a slightly beyond-typical spike (7 vs upper bound 5), covering 7 unique titles across 7 events, focused on runtime stability, with recurring terms like fix, bug, stmbols, url, flagged by P1/P2 signal words.",rule_based,0.943125,"['closed (#1894)', 'closed (#1915)', 'closed (#1892)', 'closed (#1916)', 'closed (#1901)', 'closed (#1734)', 'closed (#1914)']","['fix the bug that the HS STMBOLS URL is faild', 'DataHandler Fails with ""Length mismatch"" Error on Minimal Setup (Windows, Qlib 0.9.6 & 0.9.1)', 'data collector for PIT is not working', 'Fix issue 1892', 'Fix issue #1892', '不能正确运行LSTM例子', 'fix fillna bug']"
2025-05-19,7,True,high,0.5,-2.0,6.0,7,7,P2,documentation,"Weekly closures show a slightly beyond-typical spike (7 vs upper bound 6), covering 7 unique titles across 7 events, focused on documentation, build & ci, with recurring terms like fix, readme, general_nn, info-level, flagged by P2/P3 signal words.",rule_based,0.6945000000000001,"['closed (#1923)', 'closed (#1929)', 'closed (#1928)', 'closed (#1912)', 'closed (#1931)', 'closed (#1902)', 'closed (#1936)']","['Make INFO-level logs not red in PyCharm', 'doc: update README.md', '[feat] fix a bug and adapt general_nn for use with rdagent_qlib', 'fix: fix some bugs in general_nn workflow', 'Update README.md', 'The plotly figure is empty in the code block ""Basic data""', ""I've completed the initial implementation of a Java CLI application f…""]"
2025-05-26,9,True,high,1.5,-2.0,6.0,9,9,P2,documentation,"Weekly closures show a clearly beyond-typical spike (9 vs upper bound 6), covering 9 unique titles across 9 events, focused on documentation, with recurring terms like implement, mode, function, geometric, flagged by P0/P2 signal words.",rule_based,0.7270000000000001,"['closed (#1938)', 'closed (#964)', 'closed (#1943)', 'closed (#1940)', 'closed (#1941)', 'closed (#1509)', 'closed (#1930)', 'closed (#1433)', 'closed (#1895)']","['Implement geometric accumulation mode for risk_analysis function', 'Concerns about the calculation of return', 'fix: typo', 'Update README.md', 'Fixing Security Vulnerabilities', 'Add util function to help automatically get horizon', 'Backtest results stay the same regardless of model used', 'Implement exponential mode for annualized_return calculation in risk_…', 'Implement geometric accumulation mode for risk_analysis function (#964)']"
2025-09-01,8,True,high,1.0,-2.0,6.0,8,8,P2,documentation,"Weekly closures show a slightly beyond-typical spike (8 vs upper bound 6), covering 8 unique titles across 8 events, focused on documentation, build & ci, with recurring terms like qlib, data, fix, spelling, flagged by P2/P3 signal words.",rule_based,0.6993750000000001,"['closed (#1961)', 'closed (#2001)', 'closed (#1996)', 'closed (#1899)', 'closed (#1997)', 'closed (#1948)', 'closed (#1998)', 'closed (#1983)']","['Qlib实盘操作流程', 'Add Vietnam stock data collector', 'fix: spelling errors', 'Fix spelling errors', 'chore: align collect_info.py with pyproject.toml', 'Error while running research workflow', 'feat: Create visual GUI tool for Qlib', 'The data link from orderbook_data example doc is obsolete']"
2025-09-08,7,True,high,0.5,-2.0,6.0,7,7,P2,unknown area,"Weekly closures show a slightly beyond-typical spike (7 vs upper bound 6), covering 7 unique titles across 7 events, focused on unknown area, with recurring terms like not, refactor, pure, qrun, flagged by P2/P3 signal words.",rule_based,0.7833333333333334,"['closed (#2008)', 'closed (#2007)', 'closed (#1999)', 'closed (#2009)', 'closed (#1851)', 'closed (#2011)', 'closed (#2003)']","['Refactor', 'Pure', '关于qrun配置experiment name和结果可视化分析', 'fix: the bug when auto_mount=True', 'Fillna does not work if fields_group is not None', 'sync to the latest', '添加：启动.txt']"
2025-09-15,14,True,high,4.0,-2.0,6.0,14,14,P4,documentation,"Weekly closures show a well beyond-typical spike (14 vs upper bound 6), covering 14 unique titles across 14 events, focused on documentation, runtime stability, with recurring terms like qlib, data, error, not, flagged by P2/P3 signal words.",rule_based,0.6425000000000001,"['closed (#1926)', 'closed (#2010)', 'closed (#1994)', 'closed (#1947)', 'closed (#2004)', 'closed (#1992)', 'closed (#1956)', 'closed (#1850)', 'closed (#1908)', 'closed (#1906)', 'closed (#2006)', 'closed (#1476)', 'closed (#1920)', 'closed (#1849)']","['why the examples workflow_config_transformer_Alpha360.yaml can not work', 'docs: update Docker run command in README.md to specify the correct image name', 'There is no .git directory in the clones', 'Error while collecting info', 'QLib does not recognize custom or synthetic instruments in local data (v0.8.0, Python 3.11)', 'fix: get_version bugs when I run python scripts/get_data.py', 'qlib运行中出现以下警告怎么解决？[14490:MainThread](2024-09-20 13:27:18,399) WARNING - qlib.online operator - [exchange.py:219] - $close field data contains nan.或者怎么填充nan', 'qlib出现以下警告怎么解决，这些警告好像出现在回测当中。', 'workflow example config error', 'Error during sync China stock data from yahoo.', 'Command log is already string but still use decode in qlib.__init__', 'GCN/GAT_INDUS MODEL', ""TypeError: mean() got an unexpected keyword argument 'level'"", 'qlib日志出现 /www/server/pyporject_evn/versions/3.8.10/lib/python3.8/site-packages/qlib/data/dataset/processor.py:363: SettingWithCopyWarning:  A value is trying to be set on a copy of a slice from a DataFrame. Try using .loc[row_indexer,col_indexer] = value instead  See the caveats in the documentation: https://pandas.pydata.org/pandas-docs/stable/user_guide/indexing.html#returning-a-view-versus-a-copy   df[cols] = t']"
2026-01-19,7,True,high,0.5,-2.0,6.0,7,7,P2,version & bump,"Weekly closures show a slightly beyond-typical spike (7 vs upper bound 6), covering 7 unique titles across 7 events, focused on version & bump, build & ci, with recurring terms like fix, version, qlib, feat, flagged by P2/P3 signal words.",rule_based,0.618125,"['closed (#2087)', 'closed (#2091)', 'closed (#2093)', 'closed (#2092)', 'closed (#2016)', 'closed (#2094)', 'closed (#2095)']","['feat: check lowercase naming for qlib features directories', 'fix: ignore a generated file when install from source', 'refactor(data_collector): use akshare to build unified trade calendar', 'pyqlib dev version is much older than release version, normal?', '[Feature Request] Support Structured State Space Models (SSM, e.g. Mamba) in Qlib', 'fix: use semantic version comparison for PyTorch scheduler compatibility', 'fix: handle ReduceLROnPlateau verbose removal']"
2026-02-02,7,True,high,0.5,-2.0,6.0,7,7,P2,api & endpoints,"Weekly closures show a slightly beyond-typical spike (7 vs upper bound 6), covering 7 unique titles across 7 events, focused on api & endpoints, performance, with recurring terms like fix, yahoo, data, collector, flagged by P2/P3 signal words.",rule_based,0.8115,"['closed (#1954)', 'closed (#2123)', 'closed (#2097)', 'closed (#2090)', 'closed (#1970)', 'closed (#2077)', 'closed (#1975)']","['Fix yahoo collector for us data', 'Master', 'out of memory for instrument ""all""', 'two date ranges for train data', 'handle yahoo US collecotr api limit issue (Fix #1953)', 'refactor: implement deterministic budget allocation in SoftTopkStrategy', 'fix: the bug that the US STMBOLS URL is faild']"
2026-04-20,12,True,high,3.0,-2.0,6.0,12,12,P2,documentation,"Weekly closures show a well beyond-typical spike (12 vs upper bound 6), covering 12 unique titles across 12 events, focused on documentation, runtime stability, with recurring terms like fix, replace, index, filecalendarstorage, flagged by P1/P2 signal words.",rule_based,0.8109090909090909,"['closed (#2195)', 'closed (#2196)', 'closed (#2173)', 'closed (#2149)', 'closed (#2192)', 'closed (#2174)', 'closed (#2176)', 'closed (#2172)', 'closed (#2171)', 'closed (#2177)', 'closed (#2150)', 'closed (#2175)']","['fix: incorrect index implementation in FileCalendarStorage', 'Add RQAlpha A-share research workflows', 'fix: record_temp datetime extraction with ambiguous level names', 'demo video of RD Agent part link are invalid | RD Agent 部分的 示例视频 链接已失效', 'FileCalendarStorage.index() 方法存在严重缺陷', 'fix: replace _backend_args with _backend_kwargs in ParallelExt', 'fix: thread freq parameter from backtest() through to Account', 'fix: TCN model predict crash on single-sample final batch', 'fix: TanhProcess using wrong MultiIndex column level', 'fix: replace mutable default evals_result=dict() across 27 contrib models', 'docs: replace broken RD-Agent demo links in README', ""fix: normalize frequency strings so '1day' and 'day' are equivalent""]"
